date,id,instruments,s2:mgrs_tile,s2:processing_baseline,s2:dark_features_percentage,proj:code,s2:thin_cirrus_percentage,s2:reflectance_conversion_factor,sat:relative_orbit,s2:nodata_pixel_percentage,platform,s2:snow_ice_percentage,s2:cloud_shadow_percentage,s2:mean_solar_zenith,s2:medium_proba_clouds_percentage,s2:product_type,s2:vegetation_percentage,s2:not_vegetated_percentage,constellation,s2:product_uri,s2:saturated_defective_pixel_percentage,s2:mean_solar_azimuth,s2:datastrip_id,eo:cloud_cover,s2:unclassified_percentage,s2:high_proba_clouds_percentage,sat:orbit_state,s2:generation_time,s2:degraded_msi_data_percentage,s2:water_percentage,s2:datatake_id,s2:granule_id,s2:datatake_type,proj:shape,gsd,epsg,ndvi_mean
2023-01-06 17:07:11.024,S2A_MSIL2A_20230106T170711_R069_T15TVH_20240809T140616,msi,15TVH,05.10,0.015611,EPSG:32615,0.004864,1.03431552591942,69,0.748388,Sentinel-2A,92.903155,0.0,67.1848003205882,1.885953,S2MSI2A,5.3e-05,1.103353,Sentinel 2,S2A_MSIL2A_20230106T170711_N0510_R069_T15TVH_20240809T140616.SAFE,0.0,162.920328456677,S2A_OPER_MSI_L2A_DS_S2RP_20240809T140616_S20230106T171042_N05.10,4.492538,0.000411,2.601722,descending,2024-08-09T14:06:16.000000Z,0.0065,1.484877,GS2A_20230106T170711_039391_N05.10,S2A_OPER_MSI_L2A_TL_S2RP_20240809T140616_A039391_T15TVH_N05.10,INS-NOBS,{10980},10.0,32610,0.012441441583013723
2023-01-06 17:07:11.024,S2A_MSIL2A_20230106T170711_R069_T15TVH_20230107T080743,msi,15TVH,04.00,0.001925,EPSG:32615,0.00464,1.03431552591942,69,0.748996,Sentinel-2A,93.140531,0.0,67.1847999685276,1.743738,S2MSI2A,4.7e-05,1.35889,Sentinel 2,S2A_MSIL2A_20230106T170711_N0400_R069_T15TVH_20230107T080743.SAFE,0.0,162.920330059354,S2A_OPER_MSI_L2A_DS_ESRI_20230107T080743_S20230106T171042_N04.00,3.990623,0.000294,2.242245,descending,2023-01-07T08:07:43.18072Z,0.0065,1.507691,GS2A_20230106T170711_039391_N04.00,S2A_OPER_MSI_L2A_TL_ESRI_20230107T080743_A039391_T15TVH_N04.00,INS-NOBS,{10980},10.0,32610,0.012516158161566105
2023-01-26 17:06:01.024,S2A_MSIL2A_20230126T170601_R069_T15TVH_20240808T190453,msi,15TVH,05.10,0.002654,EPSG:32615,0.549196,1.03241853500335,69,0.858063,Sentinel-2A,99.343002,0.003624,63.8794748573959,0.08933,S2MSI2A,3.3e-05,0.004525,Sentinel 2,S2A_MSIL2A_20230126T170601_N0510_R069_T15TVH_20240808T190453.SAFE,0.0,160.208123617297,S2A_OPER_MSI_L2A_DS_S2RP_20240808T190453_S20230126T170639_N05.10,0.639065,0.0,0.000539,descending,2024-08-08T19:04:53.000000Z,0.0068,0.007091,GS2A_20230126T170601_039677_N05.10,S2A_OPER_MSI_L2A_TL_S2RP_20240808T190453_A039677_T15TVH_N05.10,INS-NOBS,{10980},10.0,32610,-0.0054954667430802415
2023-01-26 17:06:01.024,S2A_MSIL2A_20230126T170601_R069_T15TVH_20230127T191128,msi,15TVH,04.00,0.000201,EPSG:32615,0.218397,1.03241853500335,69,0.858577,Sentinel-2A,99.672544,0.0034,63.8794744524219,0.091863,S2MSI2A,4.7e-05,0.004628,Sentinel 2,S2A_MSIL2A_20230126T170601_N0400_R069_T15TVH_20230127T191128.SAFE,0.0,160.208125284414,S2A_OPER_MSI_L2A_DS_ESRI_20230127T191129_S20230126T170639_N04.00,0.310783,0.0,0.000522,descending,2023-01-27T19:11:28.508983Z,0.0067,0.008397,GS2A_20230126T170601_039677_N04.00,S2A_OPER_MSI_L2A_TL_ESRI_20230127T191129_A039677_T15TVH_N04.00,INS-NOBS,{10980},10.0,32610,-0.00548511800857623
2023-02-05 17:05:11.024,S2A_MSIL2A_20230205T170511_R069_T15TVG_20240814T205731,msi,15TVG,05.10,0.003756,EPSG:32615,0.000269,1.02998453800369,69,0.0,Sentinel-2A,89.719319,0.0,60.4126669207025,3.412935,S2MSI2A,0.032074,6.302441,Sentinel 2,S2A_MSIL2A_20230205T170511_N0510_R069_T15TVG_20240814T205731.SAFE,0.0,158.887179888737,S2A_OPER_MSI_L2A_DS_S2RP_20240814T205731_S20230205T170506_N05.10,3.732778,2.7e-05,0.319574,descending,2024-08-14T20:57:31.000000Z,0.0,0.209604,GS2A_20230205T170511_039820_N05.10,S2A_OPER_MSI_L2A_TL_S2RP_20240814T205731_A039820_T15TVG_N05.10,INS-NOBS,{10980},10.0,32610,-0.02535870759500811
2023-02-05 17:05:11.024,S2A_MSIL2A_20230205T170511_R069_T15TVG_20230206T112057,msi,15TVG,04.00,0.001025,EPSG:32615,0.000252,1.02998453800369,69,2.7e-05,Sentinel-2A,89.883143,0.0,60.4126663824941,3.250965,S2MSI2A,0.032037,6.290605,Sentinel 2,S2A_MSIL2A_20230205T170511_N0400_R069_T15TVG_20230206T112057.SAFE,0.0,158.887182027144,S2A_OPER_MSI_L2A_DS_ESRI_20230206T112057_S20230205T170506_N04.00,3.56981,0.000949,0.318592,descending,2023-02-06T11:20:57.651Z,0.0,0.222431,GS2A_20230205T170511_039820_N04.00,S2A_OPER_MSI_L2A_TL_ESRI_20230206T112057_A039820_T15TVG_N04.00,INS-NOBS,{10980},10.0,32610,-0.021170777347383228
2023-02-08 17:14:51.024,S2A_MSIL2A_20230208T171451_R112_T15TVH_20240813T161319,msi,15TVH,05.10,0.00168,EPSG:32615,0.057382,1.02907368037184,112,16.467503,Sentinel-2A,98.014194,0.003702,59.7578754386309,0.051269,S2MSI2A,2.8e-05,0.107599,Sentinel 2,S2A_MSIL2A_20230208T171451_N0510_R112_T15TVH_20240813T161319.SAFE,0.0,161.33713382681,S2A_OPER_MSI_L2A_DS_S2RP_20240813T161319_S20230208T172035_N05.10,0.108743,0.000159,9.1e-05,descending,2024-08-13T16:13:19.000000Z,0.0262,1.763891,GS2A_20230208T171451_039863_N05.10,S2A_OPER_MSI_L2A_TL_S2RP_20240813T161319_A039863_T15TVH_N05.10,INS-NOBS,{10980},10.0,32610,-0.0068733697378785055
2023-02-08 17:14:51.024,S2A_MSIL2A_20230208T171451_R112_T15TVH_20230209T131126,msi,15TVH,04.00,0.0,EPSG:32615,0.056834,1.02907368037184,112,16.467421,Sentinel-2A,98.017126,0.003686,59.757874346839,0.049704,S2MSI2A,2.8e-05,0.097328,Sentinel 2,S2A_MSIL2A_20230208T171451_N0400_R112_T15TVH_20230209T131126.SAFE,0.0,161.337138870079,S2A_OPER_MSI_L2A_DS_ESRI_20230209T131127_S20230208T172035_N04.00,0.106642,0.000187,0.000103,descending,2023-02-09T13:11:26.83270Z,0.0261,1.774995,GS2A_20230208T171451_039863_N04.00,S2A_OPER_MSI_L2A_TL_ESRI_20230209T131127_A039863_T15TVH_N04.00,INS-NOBS,{10980},10.0,32610,-0.008792754287921098
2023-02-10 17:04:39.024,S2B_MSIL2A_20230210T170439_R069_T15TVH_20240813T213500,msi,15TVH,05.10,0.001034,EPSG:32615,0.002668,1.02842671923168,69,0.873912,Sentinel-2B,99.248272,0.000174,59.7697520407162,0.007447,S2MSI2A,0.000258,0.722737,Sentinel 2,S2B_MSIL2A_20230210T170439_N0510_R069_T15TVH_20240813T213500.SAFE,0.0,158.435799099597,S2B_OPER_MSI_L2A_DS_S2RP_20240813T213500_S20230210T170434_N05.10,0.011671,0.0,0.001556,descending,2024-08-13T21:35:00.000000Z,0.0215,0.015855,GS2B_20230210T170439_030983_N05.10,S2B_OPER_MSI_L2A_TL_S2RP_20240813T213500_A030983_T15TVH_N05.10,INS-NOBS,{10980},10.0,32610,0.017959874502567003
2023-02-10 17:04:39.024,S2B_MSIL2A_20230210T170439_R069_T15TVH_20230211T133908,msi,15TVH,04.00,0.0,EPSG:32615,0.003454,1.02842671923168,69,0.875764,Sentinel-2B,99.24562,0.000174,59.7697520804047,0.006493,S2MSI2A,0.000268,0.725937,Sentinel 2,S2B_MSIL2A_20230210T170439_N0400_R069_T15TVH_20230211T133908.SAFE,0.0,158.435798935787,S2B_OPER_MSI_L2A_DS_ESRI_20230211T133909_S20230210T170434_N04.00,0.011645,0.0,0.001697,descending,2023-02-11T13:39:08.794828Z,0.0108,0.016361,GS2B_20230210T170439_030983_N04.00,S2B_OPER_MSI_L2A_TL_ESRI_20230211T133909_A030983_T15TVH_N04.00,INS-NOBS,{10980},10.0,32610,0.01801629170044458
2023-02-10 17:04:39.024,S2B_MSIL2A_20230210T170439_R069_T15TVG_20240813T213500,msi,15TVG,05.10,0.007207,EPSG:32615,2.98301,1.02842671923168,69,10.187843,Sentinel-2B,40.267056,0.013735,58.9141514539021,0.075676,S2MSI2A,0.499511,55.818117,Sentinel 2,S2B_MSIL2A_20230210T170439_N0510_R069_T15TVG_20240813T213500.SAFE,0.0,158.313420826431,S2B_OPER_MSI_L2A_DS_S2RP_20240813T213500_S20230210T170434_N05.10,3.082875,0.001903,0.02419,descending,2024-08-13T21:35:00.000000Z,0.0209,0.309596,GS2B_20230210T170439_030983_N05.10,S2B_OPER_MSI_L2A_TL_S2RP_20240813T213500_A030983_T15TVG_N05.10,INS-NOBS,{10980},10.0,32610,0.029792295809089986
2023-02-10 17:04:39.024,S2B_MSIL2A_20230210T170439_R069_T15TVG_20230211T110539,msi,15TVG,04.00,0.002748,EPSG:32615,2.973954,1.02842671923168,69,10.184797,Sentinel-2B,40.176556,0.013044,58.9141515476781,0.08325,S2MSI2A,0.498781,55.904692,Sentinel 2,S2B_MSIL2A_20230210T170439_N0400_R069_T15TVG_20230211T110539.SAFE,0.0,158.313420451724,S2B_OPER_MSI_L2A_DS_ESRI_20230211T110540_S20230210T170434_N04.00,3.08253,0.001954,0.025327,descending,2023-02-11T11:05:39.988320Z,0.0102,0.319696,GS2B_20230210T170439_030983_N04.00,S2B_OPER_MSI_L2A_TL_ESRI_20230211T110540_A030983_T15TVG_N04.00,INS-NOBS,{10980},10.0,32610,0.02982673584249426
2023-02-13 17:14:19.024,S2B_MSIL2A_20230213T171419_R112_T15TVH_20240816T032257,msi,15TVH,05.10,0.000616,EPSG:32615,0.000524,1.02738760791359,112,16.467911,Sentinel-2B,96.643305,0.0,58.1709624269633,0.002141,S2MSI2A,0.000707,3.295144,Sentinel 2,S2B_MSIL2A_20230213T171419_N0510_R112_T15TVH_20240816T032257.SAFE,0.0,160.859849946449,S2B_OPER_MSI_L2A_DS_S2RP_20240816T032257_S20230213T171419_N05.10,0.002665,0.0,0.0,descending,2024-08-16T03:22:57.000000Z,0.0237,0.057565,GS2B_20230213T171419_031026_N05.10,S2B_OPER_MSI_L2A_TL_S2RP_20240816T032257_A031026_T15TVH_N05.10,INS-NOBS,{10980},10.0,32610,0.03534092350466682
2023-02-13 17:14:19.024,S2B_MSIL2A_20230213T171419_R112_T15TVH_20230214T045809,msi,15TVH,04.00,0.0,EPSG:32615,0.000544,1.02738760791359,112,16.465046,Sentinel-2B,96.634567,0.0,58.1709628397222,0.003181,S2MSI2A,0.000751,3.301822,Sentinel 2,S2B_MSIL2A_20230213T171419_N0400_R112_T15TVH_20230214T045809.SAFE,0.0,160.859848041165,S2B_OPER_MSI_L2A_DS_ESRI_20230214T045811_S20230213T171419_N04.00,0.003726,0.000465,0.0,descending,2023-02-14T04:58:09.703483Z,0.0237,0.058659,GS2B_20230213T171419_031026_N04.00,S2B_OPER_MSI_L2A_TL_ESRI_20230214T045811_A031026_T15TVH_N04.00,INS-NOBS,{10980},10.0,32610,0.03642683167390813
2023-02-13 17:14:19.024,S2B_MSIL2A_20230213T171419_R112_T15TVG_20240816T032257,msi,15TVG,05.10,0.006572,EPSG:32615,0.000996,1.02738760791359,112,42.396688,Sentinel-2B,29.590106,0.026622,57.3041942416101,0.00159,S2MSI2A,0.885357,68.876338,Sentinel 2,S2B_MSIL2A_20230213T171419_N0510_R112_T15TVG_20240816T032257.SAFE,0.0,160.748983423909,S2B_OPER_MSI_L2A_DS_S2RP_20240816T032257_S20230213T171419_N05.10,0.002736,0.001567,0.00015,descending,2024-08-16T03:22:57.000000Z,0.0307,0.610706,GS2B_20230213T171419_031026_N05.10,S2B_OPER_MSI_L2A_TL_S2RP_20240816T032257_A031026_T15TVG_N05.10,INS-NOBS,{10980},10.0,32610,0.05011873413173664
2023-02-13 17:14:19.024,S2B_MSIL2A_20230213T171419_R112_T15TVG_20230214T063503,msi,15TVG,04.00,0.000392,EPSG:32615,0.000945,1.02738760791359,112,42.39409,Sentinel-2B,29.572549,0.013978,57.3041947154304,0.000697,S2MSI2A,0.886072,68.892878,Sentinel 2,S2B_MSIL2A_20230213T171419_N0400_R112_T15TVG_20230214T063503.SAFE,0.0,160.748981262872,S2B_OPER_MSI_L2A_DS_ESRI_20230214T063504_S20230213T171419_N04.00,0.001711,0.001417,6.9e-05,descending,2023-02-14T06:35:03.496596Z,0.0307,0.630999,GS2B_20230213T171419_031026_N04.00,S2B_OPER_MSI_L2A_TL_ESRI_20230214T063504_A031026_T15TVG_N04.00,INS-NOBS,{10980},10.0,32610,0.05112405999827522
2023-02-20 17:03:29.024,S2B_MSIL2A_20230220T170329_R069_T15TVG_20230224T110029,msi,15TVG,04.00,0.0,EPSG:32615,0.901918,1.02469429704099,69,0.0,Sentinel-2B,3.358798,0.040527,55.5857635133443,0.252663,S2MSI2A,0.634208,94.082177,Sentinel 2,S2B_MSIL2A_20230220T170329_N0400_R069_T15TVG_20230224T110029.SAFE,0.0,157.275205766181,S2B_OPER_MSI_L2A_DS_ESRI_20230224T110030_S20230220T170847_N04.00,1.171307,0.094615,0.016725,descending,2023-02-24T11:00:29.245646Z,0.0107,0.618369,GS2B_20230220T170329_031126_N04.00,S2B_OPER_MSI_L2A_TL_ESRI_20230224T110030_A031126_T15TVG_N04.00,INS-NOBS,{10980},10.0,32610,0.09453426329762267
2023-02-25 17:03:01.024,S2A_MSIL2A_20230225T170301_R069_T15TVH_20240818T090527,msi,15TVH,05.10,0.0,EPSG:32615,0.000852,1.02255046040721,69,0.755996,Sentinel-2A,98.82533,0.0,54.6367500594735,0.045667,S2MSI2A,0.000344,1.102291,Sentinel 2,S2A_MSIL2A_20230225T170301_N0510_R069_T15TVH_20240818T090527.SAFE,0.0,156.971187580456,S2A_OPER_MSI_L2A_DS_S2RP_20240818T090527_S20230225T170953_N05.10,0.046523,0.0,3e-06,descending,2024-08-18T09:05:27.000000Z,0.0067,0.025515,GS2A_20230225T170301_040106_N05.10,S2A_OPER_MSI_L2A_TL_S2RP_20240818T090527_A040106_T15TVH_N05.10,INS-NOBS,{10980},10.0,32610,0.03101075466868886
2023-02-25 17:03:01.024,S2A_MSIL2A_20230225T170301_R069_T15TVH_20230228T231309,msi,15TVH,04.00,0.0,EPSG:32615,0.000879,1.02255046040721,69,0.75597,Sentinel-2A,98.821294,0.0,54.6367495889994,0.049916,S2MSI2A,0.000368,1.099787,Sentinel 2,S2A_MSIL2A_20230225T170301_N0400_R069_T15TVH_20230228T231309.SAFE,0.0,156.971189486685,S2A_OPER_MSI_L2A_DS_ESRI_20230228T231310_S20230225T170953_N04.00,0.051156,0.0,0.000361,descending,2023-02-28T23:13:09.399119Z,0.0067,0.0274,GS2A_20230225T170301_040106_N04.00,S2A_OPER_MSI_L2A_TL_ESRI_20230228T231310_A040106_T15TVH_N04.00,INS-NOBS,{10980},10.0,32610,0.031354029263741576
2023-03-27 16:59:21.024,S2A_MSIL2A_20230327T165921_R069_T15TVG_20240827T031231,msi,15TVG,05.10,0.134791,EPSG:32615,2.45177,1.00696371028633,69,0.0,Sentinel-2A,26.217628,0.009091,42.0758023731646,0.318808,S2MSI2A,0.738037,69.271314,Sentinel 2,S2A_MSIL2A_20230327T165921_N0510_R069_T15TVG_20240827T031231.SAFE,0.0,154.381872438794,S2A_OPER_MSI_L2A_DS_S2RP_20240827T031231_S20230327T170854_N05.10,2.847562,0.239147,0.076984,descending,2024-08-27T03:12:31.000000Z,0.0001,0.542427,GS2A_20230327T165921_040535_N05.10,S2A_OPER_MSI_L2A_TL_S2RP_20240827T031231_A040535_T15TVG_N05.10,INS-NOBS,{10980},10.0,32610,0.06931823121087678
2023-03-27 16:59:21.024,S2A_MSIL2A_20230327T165921_R069_T15TVG_20230328T025736,msi,15TVG,05.09,0.056662,EPSG:32615,2.427265,1.00696371028633,69,0.0,Sentinel-2A,26.225168,0.008782,42.0758017268258,0.318088,S2MSI2A,0.737622,69.345391,Sentinel 2,S2A_MSIL2A_20230327T165921_N0509_R069_T15TVG_20230328T025736.SAFE,0.0,154.381875282227,S2A_OPER_MSI_L2A_DS_MSFT_20230328T025737_S20230327T170854_N05.09,2.821474,0.257458,0.076121,descending,2023-03-28T02:57:36.464597Z,0.0001,0.547443,GS2A_20230327T165921_040535_N05.09,S2A_OPER_MSI_L2A_TL_MSFT_20230328T025737_A040535_T15TVG_N05.09,INS-NOBS,{10980},10.0,32610,0.07233462118068024
2023-04-06 16:58:51.024,S2A_MSIL2A_20230406T165851_R069_T15TVH_20240827T150214,msi,15TVH,05.10,0.101501,EPSG:32615,0.761303,1.00122395185342,69,0.593747,Sentinel-2A,9e-05,0.0,39.0221187902477,0.001362,S2MSI2A,0.37286,98.22613,Sentinel 2,S2A_MSIL2A_20230406T165851_N0510_R069_T15TVH_20240827T150214.SAFE,0.0,153.909701772879,S2A_OPER_MSI_L2A_DS_S2RP_20240827T150214_S20230406T170330_N05.10,0.762885,0.195126,0.00022,descending,2024-08-27T15:02:14.000000Z,0.0064,0.341412,GS2A_20230406T165851_040678_N05.10,S2A_OPER_MSI_L2A_TL_S2RP_20240827T150214_A040678_T15TVH_N05.10,INS-NOBS,{10980},10.0,32610,0.1047692378356896
2023-04-06 16:58:51.024,S2A_MSIL2A_20230406T165851_R069_T15TVH_20230407T023307,msi,15TVH,05.09,0.040833,EPSG:32615,0.718251,1.00122395185342,69,0.593319,Sentinel-2A,0.00012,0.0,39.0221182580128,0.001315,S2MSI2A,0.372204,98.313302,Sentinel 2,S2A_MSIL2A_20230406T165851_N0509_R069_T15TVH_20230407T023307.SAFE,0.0,153.909704247077,S2A_OPER_MSI_L2A_DS_MSFT_20230407T023308_S20230406T170330_N05.09,0.719759,0.210568,0.000194,descending,2023-04-07T02:33:07.313232Z,0.0064,0.34322,GS2A_20230406T165851_040678_N05.09,S2A_OPER_MSI_L2A_TL_MSFT_20230407T023308_A040678_T15TVH_N05.09,INS-NOBS,{10980},10.0,32610,0.11087265361088332
2023-04-06 16:58:51.024,S2A_MSIL2A_20230406T165851_R069_T15TVG_20240827T150214,msi,15TVG,05.10,0.127843,EPSG:32615,0.785153,1.00122395185342,69,0.0,Sentinel-2A,0.000292,0.003132,38.1924686103579,0.010511,S2MSI2A,2.953802,95.476431,Sentinel 2,S2A_MSIL2A_20230406T165851_N0510_R069_T15TVG_20240827T150214.SAFE,0.0,153.513678452482,S2A_OPER_MSI_L2A_DS_S2RP_20240827T150214_S20230406T170330_N05.10,0.799244,0.150361,0.00358,descending,2024-08-27T15:02:14.000000Z,0.0003,0.488894,GS2A_20230406T165851_040678_N05.10,S2A_OPER_MSI_L2A_TL_S2RP_20240827T150214_A040678_T15TVG_N05.10,INS-NOBS,{10980},10.0,32610,0.10782433475245778
2023-04-06 16:58:51.024,S2A_MSIL2A_20230406T165851_R069_T15TVG_20230407T033036,msi,15TVG,05.09,0.049107,EPSG:32615,0.773494,1.00122395185342,69,3e-06,Sentinel-2A,0.000534,0.002943,38.1924679403737,0.0121,S2MSI2A,2.953709,95.53715,Sentinel 2,S2A_MSIL2A_20230406T165851_N0509_R069_T15TVG_20230407T033036.SAFE,0.0,153.513681520746,S2A_OPER_MSI_L2A_DS_MSFT_20230407T033037_S20230406T170330_N05.09,0.789407,0.166356,0.003812,descending,2023-04-07T03:30:36.648507Z,0.0003,0.500795,GS2A_20230406T165851_040678_N05.09,S2A_OPER_MSI_L2A_TL_MSFT_20230407T033037_A040678_T15TVG_N05.09,INS-NOBS,{10980},10.0,32610,0.11235302410338156
2023-04-11 16:58:49.024,S2B_MSIL2A_20230411T165849_R069_T15TVG_20240827T133521,msi,15TVG,05.10,0.116725,EPSG:32615,3.829732,0.998348278166791,69,0.0,Sentinel-2B,0.000345,0.0,36.3233968326334,0.004244,S2MSI2A,4.737134,90.519983,Sentinel 2,S2B_MSIL2A_20230411T165849_N0510_R069_T15TVG_20240827T133521.SAFE,0.0,153.012851298362,S2B_OPER_MSI_L2A_DS_S2RP_20240827T133521_S20230411T170900_N05.10,3.834984,0.285168,0.001009,descending,2024-08-27T13:35:21.000000Z,0.0214,0.505659,GS2B_20230411T165849_031841_N05.10,S2B_OPER_MSI_L2A_TL_S2RP_20240827T133521_A031841_T15TVG_N05.10,INS-NOBS,{10980},10.0,32610,0.10339460135143126
2023-04-11 16:58:49.024,S2B_MSIL2A_20230411T165849_R069_T15TVG_20230412T004048,msi,15TVG,05.09,0.057087,EPSG:32615,3.811918,0.998348278166791,69,0.0,Sentinel-2B,0.000471,0.0,36.3233969482704,0.00432,S2MSI2A,4.737974,90.583187,Sentinel 2,S2B_MSIL2A_20230411T165849_N0509_R069_T15TVG_20230412T004048.SAFE,0.0,153.012850751737,S2B_OPER_MSI_L2A_DS_MSFT_20230412T004049_S20230411T170900_N05.09,3.817273,0.290384,0.001035,descending,2023-04-12T00:40:48.442916Z,0.0214,0.513625,GS2B_20230411T165849_031841_N05.09,S2B_OPER_MSI_L2A_TL_MSFT_20230412T004049_A031841_T15TVG_N05.09,INS-NOBS,{10980},10.0,32610,0.10886345179543722
2023-04-14 17:08:49.024,S2B_MSIL2A_20230414T170849_R112_T15TVH_20240904T073928,msi,15TVH,05.10,0.084383,EPSG:32615,2.598643,0.996629338437246,112,16.573313,Sentinel-2B,0.0,0.422503,35.2898761573031,0.406377,S2MSI2A,1.490947,94.081038,Sentinel 2,S2B_MSIL2A_20230414T170849_N0510_R112_T15TVH_20240904T073928.SAFE,0.0,157.135147641871,S2B_OPER_MSI_L2A_DS_S2RP_20240904T073928_S20230414T170946_N05.10,3.126588,0.47216,0.121567,ascending,2024-09-04T07:39:28.000000Z,0.0244,0.32238,GS2B_20230414T170849_031884_N05.10,S2B_OPER_MSI_L2A_TL_S2RP_20240904T073928_A031884_T15TVH_N05.10,INS-NOBS,{10980},10.0,32610,0.09542935572512178
2023-04-14 17:08:49.024,S2B_MSIL2A_20230414T170849_R112_T15TVH_20230415T000005,msi,15TVH,05.09,0.047584,EPSG:32615,2.591225,0.996629338437246,112,16.566475,Sentinel-2B,0.0,0.425435,35.289876646139,0.406129,S2MSI2A,1.489191,94.113308,Sentinel 2,S2B_MSIL2A_20230414T170849_N0509_R112_T15TVH_20230415T000005.SAFE,0.0,157.135144833993,S2B_OPER_MSI_L2A_DS_MSFT_20230415T000006_S20230414T170946_N05.09,3.119536,0.480412,0.122182,ascending,2023-04-15T00:00:05.501869Z,0.0244,0.324536,GS2B_20230414T170849_031884_N05.09,S2B_OPER_MSI_L2A_TL_MSFT_20230415T000006_A031884_T15TVH_N05.09,INS-NOBS,{10980},10.0,32610,0.09812255520999554
2023-04-26 16:58:51.024,S2A_MSIL2A_20230426T165851_R069_T15TVG_20230427T014515,msi,15TVG,05.09,0.058179,EPSG:32615,1.316132,0.989950543029699,69,0.092389,Sentinel-2A,0.000229,0.039682,31.1924374663916,0.643681,S2MSI2A,10.539909,86.334568,Sentinel 2,S2A_MSIL2A_20230426T165851_N0509_R069_T15TVG_20230427T014515.SAFE,0.0,151.011334536474,S2A_OPER_MSI_L2A_DS_MSFT_20230427T014516_S20230426T170402_N05.09,2.074823,0.531634,0.11501,descending,2023-04-27T01:45:15.566493Z,0.0002,0.420978,GS2A_20230426T165851_040964_N05.09,S2A_OPER_MSI_L2A_TL_MSFT_20230427T014516_A040964_T15TVG_N05.09,INS-NOBS,{10980},10.0,32610,0.12984733116606015
2023-05-01 16:58:49.024,S2B_MSIL2A_20230501T165849_R069_T15TVH_20240831T075937,msi,15TVH,05.10,0.097339,EPSG:32615,0.383396,0.98729470793104,69,0.77366,Sentinel-2B,0.0,0.0,30.4902509681103,0.001134,S2MSI2A,5.194176,93.817395,Sentinel 2,S2B_MSIL2A_20230501T165849_N0510_R069_T15TVH_20240831T075937.SAFE,0.0,150.822402822205,S2B_OPER_MSI_L2A_DS_S2RP_20240831T075937_S20230501T170329_N05.10,0.384727,0.252035,0.000197,descending,2024-08-31T07:59:37.000000Z,0.0216,0.254322,GS2B_20230501T165849_032127_N05.10,S2B_OPER_MSI_L2A_TL_S2RP_20240831T075937_A032127_T15TVH_N05.10,INS-NOBS,{10980},10.0,32610,0.126693958016726
2023-05-01 16:58:49.024,S2B_MSIL2A_20230501T165849_R069_T15TVH_20230711T232327,msi,15TVH,05.09,0.055677,EPSG:32615,0.376685,0.98729470793104,69,0.775386,Sentinel-2B,6.7e-05,0.0,30.4902510216982,0.001073,S2MSI2A,5.196276,93.855244,Sentinel 2,S2B_MSIL2A_20230501T165849_N0509_R069_T15TVH_20230711T232327.SAFE,0.0,150.822402545058,S2B_OPER_MSI_L2A_DS_MSFT_20230711T232328_S20230501T170329_N05.09,0.377963,0.26077,0.000204,descending,2023-07-11T23:23:27.579979Z,0.0216,0.254006,GS2B_20230501T165849_032127_N05.09,S2B_OPER_MSI_L2A_TL_MSFT_20230711T232328_A032127_T15TVH_N05.09,INS-NOBS,{10980},10.0,32610,0.13063081855734954
2023-05-01 16:58:49.024,S2B_MSIL2A_20230501T165849_R069_T15TVG_20240831T075937,msi,15TVG,05.10,0.145919,EPSG:32615,1.265822,0.98729470793104,69,0.0,Sentinel-2B,0.000159,0.0,29.681705578845,0.002382,S2MSI2A,18.106987,79.786515,Sentinel 2,S2B_MSIL2A_20230501T165849_N0510_R069_T15TVG_20240831T075937.SAFE,0.0,150.179754831092,S2B_OPER_MSI_L2A_DS_S2RP_20240831T075937_S20230501T170329_N05.10,1.268884,0.313576,0.00068,descending,2024-08-31T07:59:37.000000Z,0.0214,0.377958,GS2B_20230501T165849_032127_N05.10,S2B_OPER_MSI_L2A_TL_S2RP_20240831T075937_A032127_T15TVG_N05.10,INS-NOBS,{10980},10.0,32610,0.13933827230833745
2023-05-01 16:58:49.024,S2B_MSIL2A_20230501T165849_R069_T15TVG_20230711T232428,msi,15TVG,05.09,0.075829,EPSG:32615,1.238815,0.98729470793104,69,0.0,Sentinel-2B,0.000269,0.0,29.6817057060021,0.002021,S2MSI2A,18.113489,79.856563,Sentinel 2,S2B_MSIL2A_20230501T165849_N0509_R069_T15TVG_20230711T232428.SAFE,0.0,150.179754200412,S2B_OPER_MSI_L2A_DS_MSFT_20230711T232429_S20230501T170329_N05.09,1.241532,0.334903,0.000697,descending,2023-07-11T23:24:28.466068Z,0.0214,0.377417,GS2B_20230501T165849_032127_N05.09,S2B_OPER_MSI_L2A_TL_MSFT_20230711T232429_A032127_T15TVG_N05.09,INS-NOBS,{10980},10.0,32610,0.143359783922372
2023-05-04 17:08:49.024,S2B_MSIL2A_20230504T170849_R112_T15TVH_20230504T232903,msi,15TVH,05.09,0.038754,EPSG:32615,0.006508,0.985746112257502,112,16.85368,Sentinel-2B,0.0,0.002302,28.7979894420883,0.000283,S2MSI2A,5.134566,94.189322,Sentinel 2,S2B_MSIL2A_20230504T170849_N0509_R112_T15TVH_20230504T232903.SAFE,0.0,154.897016936683,S2B_OPER_MSI_L2A_DS_MSFT_20230504T232905_S20230504T171523_N05.09,0.00682,0.300793,2.8e-05,descending,2023-05-04T23:29:03.413201Z,0.0241,0.327441,GS2B_20230504T170849_032170_N05.09,S2B_OPER_MSI_L2A_TL_MSFT_20230504T232905_A032170_T15TVH_N05.09,INS-NOBS,{10980},10.0,32610,0.11390379048549748
2023-05-04 17:08:49.024,S2B_MSIL2A_20230504T170849_R112_T15TVG_20230504T233127,msi,15TVG,05.09,0.06496,EPSG:32615,0.000551,0.985746112257502,112,42.800698,Sentinel-2B,0.00022,0.001955,27.9631342412811,0.0,S2MSI2A,19.159853,79.779416,Sentinel 2,S2B_MSIL2A_20230504T170849_N0509_R112_T15TVG_20230504T233127.SAFE,0.0,154.312504534603,S2B_OPER_MSI_L2A_DS_MSFT_20230504T233128_S20230504T171523_N05.09,0.000557,0.406237,6e-06,descending,2023-05-04T23:31:27.313151Z,0.032,0.586795,GS2B_20230504T170849_032170_N05.09,S2B_OPER_MSI_L2A_TL_MSFT_20230504T233128_A032170_T15TVG_N05.09,INS-NOBS,{10980},10.0,32610,0.1267007563133866
2023-05-24 17:08:59.024,S2B_MSIL2A_20230524T170859_R112_T15TVH_20240907T171008,msi,15TVH,05.10,0.066069,EPSG:32615,2.785797,0.976667612716564,112,17.250696,Sentinel-2B,0.0,1.007733,24.3272556315922,0.80399,S2MSI2A,12.588511,81.462067,Sentinel 2,S2B_MSIL2A_20230524T170859_N0510_R112_T15TVH_20240907T171008.SAFE,0.0,151.130158116803,S2B_OPER_MSI_L2A_DS_S2RP_20240907T171008_S20230524T171356_N05.10,4.113922,0.457966,0.524135,descending,2024-09-07T17:10:08.000000Z,0.0243,0.303724,GS2B_20230524T170859_032456_N05.10,S2B_OPER_MSI_L2A_TL_S2RP_20240907T171008_A032456_T15TVH_N05.10,INS-NOBS,{10980},10.0,32610,0.15139445282792588
2023-05-24 17:08:59.024,S2B_MSIL2A_20230524T170859_R112_T15TVH_20230525T002418,msi,15TVH,05.09,0.0305,EPSG:32615,2.795453,0.976667612716564,112,17.250712,Sentinel-2B,0.0,1.01054,24.3272562396893,0.802579,S2MSI2A,12.596089,81.46553,Sentinel 2,S2B_MSIL2A_20230524T170859_N0509_R112_T15TVH_20230525T002418.SAFE,0.0,151.130154495173,S2B_OPER_MSI_L2A_DS_MSFT_20230525T002419_S20230524T171356_N05.09,4.122528,0.471229,0.524496,descending,2023-05-25T00:24:18.545776Z,0.0243,0.303584,GS2B_20230524T170859_032456_N05.09,S2B_OPER_MSI_L2A_TL_MSFT_20230525T002419_A032456_T15TVH_N05.09,INS-NOBS,{10980},10.0,32610,0.1510138428786669
2023-05-24 17:08:59.024,S2B_MSIL2A_20230524T170859_R112_T15TVG_20240907T171008,msi,15TVG,05.10,0.135188,EPSG:32615,0.000625,0.976667612716564,112,43.198964,Sentinel-2B,0.000216,0.0,23.5175225959758,4.7e-05,S2MSI2A,26.788482,72.160548,Sentinel 2,S2B_MSIL2A_20230524T170859_N0510_R112_T15TVG_20240907T171008.SAFE,0.0,150.281978395372,S2B_OPER_MSI_L2A_DS_S2RP_20240907T171008_S20230524T171356_N05.10,0.000695,0.31596,2.3e-05,descending,2024-09-07T17:10:08.000000Z,0.0326,0.598917,GS2B_20230524T170859_032456_N05.10,S2B_OPER_MSI_L2A_TL_S2RP_20240907T171008_A032456_T15TVG_N05.10,INS-NOBS,{10980},10.0,32610,0.16671268834093744
2023-05-24 17:08:59.024,S2B_MSIL2A_20230524T170859_R112_T15TVG_20230525T001104,msi,15TVG,05.09,0.056852,EPSG:32615,0.000718,0.976667612716564,112,43.198958,Sentinel-2B,0.000216,0.0,23.5175233086991,3.5e-05,S2MSI2A,26.809913,72.173584,Sentinel 2,S2B_MSIL2A_20230524T170859_N0509_R112_T15TVG_20230525T001104.SAFE,0.0,150.281974220297,S2B_OPER_MSI_L2A_DS_MSFT_20230525T001105_S20230524T171356_N05.09,0.000771,0.35978,1.8e-05,descending,2023-05-25T00:11:04.617287Z,0.0326,0.598876,GS2B_20230524T170859_032456_N05.09,S2B_OPER_MSI_L2A_TL_MSFT_20230525T001105_A032456_T15TVG_N05.09,INS-NOBS,{10980},10.0,32610,0.16632357218719393
2023-05-26 16:59:01.024,S2A_MSIL2A_20230526T165901_R069_T15TVH_20240906T131926,msi,15TVH,05.10,0.049917,EPSG:32615,0.436785,0.97590177998548,69,0.611776,Sentinel-2A,0.0,0.0,24.9844402715467,0.000781,S2MSI2A,15.57622,83.513415,Sentinel 2,S2A_MSIL2A_20230526T165901_N0510_R069_T15TVH_20240906T131926.SAFE,0.0,145.582452329911,S2A_OPER_MSI_L2A_DS_S2RP_20240906T131926_S20230526T170604_N05.10,0.4377,0.183838,0.000134,descending,2024-09-06T13:19:26.000000Z,0.0063,0.238916,GS2A_20230526T165901_041393_N05.10,S2A_OPER_MSI_L2A_TL_S2RP_20240906T131926_A041393_T15TVH_N05.10,INS-NOBS,{10980},10.0,32610,0.16052568221779803
2023-05-26 16:59:01.024,S2A_MSIL2A_20230526T165901_R069_T15TVH_20230527T024921,msi,15TVH,05.09,0.026078,EPSG:32615,0.434317,0.97590177998548,69,0.611657,Sentinel-2A,0.0,0.0,24.9844395895014,0.000841,S2MSI2A,15.584964,83.522636,Sentinel 2,S2A_MSIL2A_20230526T165901_N0509_R069_T15TVH_20230527T024921.SAFE,0.0,145.582455610679,S2A_OPER_MSI_L2A_DS_MSFT_20230527T024923_S20230526T170604_N05.09,0.435309,0.192554,0.00015,descending,2023-05-27T02:49:21.990867Z,0.0063,0.238465,GS2A_20230526T165901_041393_N05.09,S2A_OPER_MSI_L2A_TL_MSFT_20230527T024923_A041393_T15TVH_N05.09,INS-NOBS,{10980},10.0,32610,0.16344259123727123
2023-05-26 16:59:01.024,S2A_MSIL2A_20230526T165901_R069_T15TVG_20240906T131926,msi,15TVG,05.10,0.09209,EPSG:32615,0.749593,0.97590177998548,69,0.0,Sentinel-2A,0.000169,3e-06,24.2171688983557,0.000143,S2MSI2A,28.492668,69.986773,Sentinel 2,S2A_MSIL2A_20230526T165901_N0510_R069_T15TVG_20240906T131926.SAFE,0.0,144.594224799838,S2A_OPER_MSI_L2A_DS_S2RP_20240906T131926_S20230526T170604_N05.10,0.749842,0.253446,0.000106,descending,2024-09-06T13:19:26.000000Z,0.0001,0.425002,GS2A_20230526T165901_041393_N05.10,S2A_OPER_MSI_L2A_TL_S2RP_20240906T131926_A041393_T15TVG_N05.10,INS-NOBS,{10980},10.0,32610,0.18091259684419603
2023-05-26 16:59:01.024,S2A_MSIL2A_20230526T165901_R069_T15TVG_20230527T024554,msi,15TVG,05.09,0.044711,EPSG:32615,0.750173,0.97590177998548,69,0.0,Sentinel-2A,0.000269,0.0,24.2171680296243,0.000156,S2MSI2A,28.511995,69.995141,Sentinel 2,S2A_MSIL2A_20230526T165901_N0509_R069_T15TVG_20230527T024554.SAFE,0.0,144.594228889789,S2A_OPER_MSI_L2A_DS_MSFT_20230527T024555_S20230526T170604_N05.09,0.750442,0.271774,0.000113,descending,2023-05-27T02:45:54.234278Z,0.0001,0.425665,GS2A_20230526T165901_041393_N05.09,S2A_OPER_MSI_L2A_TL_MSFT_20230527T024555_A041393_T15TVG_N05.09,INS-NOBS,{10980},10.0,32610,0.18321395706133337
2023-06-15 16:59:01.024,S2A_MSIL2A_20230615T165901_R069_T15TVH_20240913T161323,msi,15TVH,05.10,0.001694,EPSG:32615,2.903089,0.969921124985651,69,0.680568,Sentinel-2A,0.0,0.0,23.4629951935451,0.016382,S2MSI2A,8.098052,88.674164,Sentinel 2,S2A_MSIL2A_20230615T165901_N0510_R069_T15TVH_20240913T161323.SAFE,0.0,141.404767461167,S2A_OPER_MSI_L2A_DS_S2RP_20240913T161323_S20230615T170109_N05.10,2.919545,0.019222,7.3e-05,descending,2024-09-13T16:13:23.000000Z,0.0065,0.287323,GS2A_20230615T165901_041679_N05.10,S2A_OPER_MSI_L2A_TL_S2RP_20240913T161323_A041679_T15TVH_N05.10,INS-NOBS,{10980},10.0,32610,0.3587037838721852
2023-06-15 16:59:01.024,S2A_MSIL2A_20230615T165901_R069_T15TVH_20230616T025546,msi,15TVH,05.09,0.001092,EPSG:32615,2.897456,0.969921124985651,69,0.680539,Sentinel-2A,0.0,0.0,23.4629944434091,0.016279,S2MSI2A,8.098722,88.680524,Sentinel 2,S2A_MSIL2A_20230615T165901_N0509_R069_T15TVH_20230616T025546.SAFE,0.0,141.40477076972,S2A_OPER_MSI_L2A_DS_MSFT_20230616T025547_S20230615T170109_N05.09,2.913825,0.018811,9e-05,descending,2023-06-16T02:55:46.871170Z,0.0065,0.287035,GS2A_20230615T165901_041679_N05.09,S2A_OPER_MSI_L2A_TL_MSFT_20230616T025547_A041679_T15TVH_N05.09,INS-NOBS,{10980},10.0,32610,0.29356796949988206
2023-06-15 16:59:01.024,S2A_MSIL2A_20230615T165901_R069_T15TVG_20240913T161323,msi,15TVG,05.10,0.031745,EPSG:32615,0.152873,0.969921124985651,69,0.0,Sentinel-2A,0.0,0.028444,22.7332317262579,0.021735,S2MSI2A,48.93558,50.242311,Sentinel 2,S2A_MSIL2A_20230615T165901_N0510_R069_T15TVG_20240913T161323.SAFE,0.0,140.209263182823,S2A_OPER_MSI_L2A_DS_S2RP_20240913T161323_S20230615T170109_N05.10,0.185198,0.188042,0.010591,descending,2024-09-13T16:13:23.000000Z,0.0,0.388682,GS2A_20230615T165901_041679_N05.10,S2A_OPER_MSI_L2A_TL_S2RP_20240913T161323_A041679_T15TVG_N05.10,INS-NOBS,{10980},10.0,32610,0.29463698019350576
2023-06-15 16:59:01.024,S2A_MSIL2A_20230615T165901_R069_T15TVG_20230616T031157,msi,15TVG,05.09,0.017465,EPSG:32615,0.148911,0.969921124985651,69,0.0,Sentinel-2A,0.0,0.029811,22.7332307685771,0.021576,S2MSI2A,48.94079,50.247681,Sentinel 2,S2A_MSIL2A_20230615T165901_N0509_R069_T15TVG_20230616T031157.SAFE,0.0,140.20926730035,S2A_OPER_MSI_L2A_DS_MSFT_20230616T031158_S20230615T170109_N05.09,0.181091,0.195952,0.010604,descending,2023-06-16T03:11:57.456569Z,0.0,0.387212,GS2A_20230615T165901_041679_N05.09,S2A_OPER_MSI_L2A_TL_MSFT_20230616T031158_A041679_T15TVG_N05.09,INS-NOBS,{10980},10.0,32610,0.2962178521932145
2023-06-20 16:58:49.024,S2B_MSIL2A_20230620T165849_R069_T15TVH_20230620T234932,msi,15TVH,05.09,0.021626,EPSG:32615,0.000897,0.968952976508384,69,0.843647,Sentinel-2B,0.0,0.0,23.4875244705598,1e-05,S2MSI2A,76.330036,23.266241,Sentinel 2,S2B_MSIL2A_20230620T165849_N0509_R069_T15TVH_20230620T234932.SAFE,0.0,140.711850271418,S2B_OPER_MSI_L2A_DS_MSFT_20230620T234933_S20230620T170446_N05.09,0.00091,0.14281,3e-06,descending,2023-06-20T23:49:32.141277Z,0.0215,0.238374,GS2B_20230620T165849_032842_N05.09,S2B_OPER_MSI_L2A_TL_MSFT_20230620T234933_A032842_T15TVH_N05.09,INS-NOBS,{10980},10.0,32610,0.4293941623055344
2023-06-20 16:58:49.024,S2B_MSIL2A_20230620T165849_R069_T15TVG_20230621T001910,msi,15TVG,05.09,0.038092,EPSG:32615,0.000604,0.968952976508384,69,3e-06,Sentinel-2B,0.0,0.0,22.7643158774712,0.0,S2MSI2A,82.283551,16.983584,Sentinel 2,S2B_MSIL2A_20230620T165849_N0509_R069_T15TVG_20230621T001910.SAFE,0.0,139.497144664742,S2B_OPER_MSI_L2A_DS_MSFT_20230621T001911_S20230620T170446_N05.09,0.000604,0.297959,0.0,descending,2023-06-21T00:19:10.175229Z,0.0214,0.396213,GS2B_20230620T165849_032842_N05.09,S2B_OPER_MSI_L2A_TL_MSFT_20230621T001911_A032842_T15TVG_N05.09,INS-NOBS,{10980},10.0,32610,0.41537480924863757
2023-06-28 17:08:51.024,S2A_MSIL2A_20230628T170851_R112_T15TVH_20240926T122726,msi,15TVH,05.10,0.024323,EPSG:32615,0.54467,0.967873775943336,112,16.532865,Sentinel-2A,0.0,0.736016,22.7257397491592,0.848922,S2MSI2A,91.692019,5.040753,Sentinel 2,S2A_MSIL2A_20230628T170851_N0510_R112_T15TVH_20240926T122726.SAFE,0.0,145.15260905613,S2A_OPER_MSI_L2A_DS_S2RP_20240926T122726_S20230628T171345_N05.10,1.899434,0.335444,0.505842,descending,2024-09-26T12:27:26.000000Z,0.0265,0.272015,GS2A_20230628T170851_041865_N05.10,S2A_OPER_MSI_L2A_TL_S2RP_20240926T122726_A041865_T15TVH_N05.10,INS-NOBS,{10980},10.0,32610,0.5013323886507204
2023-06-28 17:08:51.024,S2A_MSIL2A_20230628T170851_R112_T15TVH_20230629T085030,msi,15TVH,05.09,0.012172,EPSG:32615,0.544691,0.967873775943336,112,16.533038,Sentinel-2A,0.0,0.740954,22.7257378077186,0.84696,S2MSI2A,91.695434,5.03992,Sentinel 2,S2A_MSIL2A_20230628T170851_N0509_R112_T15TVH_20230629T085030.SAFE,0.0,145.152618904083,S2A_OPER_MSI_L2A_DS_MSFT_20230629T085031_S20230628T171345_N05.09,1.897732,0.342437,0.506081,descending,2023-06-29T08:50:30.882819Z,0.0266,0.271348,GS2A_20230628T170851_041865_N05.09,S2A_OPER_MSI_L2A_TL_MSFT_20230629T085031_A041865_T15TVH_N05.09,INS-NOBS,{10980},10.0,32610,0.5007361888644175
2023-07-03 17:08:59.024,S2B_MSIL2A_20230703T170859_R112_T15TVG_20230703T235633,msi,15TVG,05.09,0.043041,EPSG:32615,0.00011,0.96750078707308,112,42.672104,Sentinel-2B,0.0,0.037578,22.3546675513436,0.014787,S2MSI2A,93.162197,5.892914,Sentinel 2,S2B_MSIL2A_20230703T170859_N0509_R112_T15TVG_20230703T235633.SAFE,0.0,143.937367394693,S2B_OPER_MSI_L2A_DS_MSFT_20230703T235634_S20230703T171455_N05.09,0.017415,0.309248,0.002518,descending,2023-07-03T23:56:33.544314Z,0.0337,0.53761,GS2B_20230703T170859_033028_N05.09,S2B_OPER_MSI_L2A_TL_MSFT_20230703T235634_A033028_T15TVG_N05.09,INS-NOBS,{10980},10.0,32610,0.5046995019442172
2023-07-10 16:58:49.024,S2B_MSIL2A_20230710T165849_R069_T15TVH_20241022T005645,msi,15TVH,05.10,0.028593,EPSG:32615,3.3e-05,0.967372636017987,69,0.836517,Sentinel-2B,0.0,0.0,24.9950850266278,2.7e-05,S2MSI2A,97.340417,2.282055,Sentinel 2,S2B_MSIL2A_20230710T165849_N0510_R069_T15TVH_20241022T005645.SAFE,0.0,140.397035440509,S2B_OPER_MSI_L2A_DS_S2RP_20241022T005645_S20230710T170425_N05.10,6.7e-05,0.113745,7e-06,descending,2024-10-22T00:56:45.000000Z,0.0216,0.235128,GS2B_20230710T165849_033128_N05.10,S2B_OPER_MSI_L2A_TL_S2RP_20241022T005645_A033128_T15TVH_N05.10,INS-NOBS,{10980},10.0,32610,0.5629827645586238
2023-07-10 16:58:49.024,S2B_MSIL2A_20230710T165849_R069_T15TVH_20230711T003201,msi,15TVH,05.09,0.01865,EPSG:32615,3.3e-05,0.967372636017987,69,0.836464,Sentinel-2B,0.0,0.0,24.9950850962584,2e-05,S2MSI2A,97.343737,2.283894,Sentinel 2,S2B_MSIL2A_20230710T165849_N0509_R069_T15TVH_20230711T003201.SAFE,0.0,140.397035145614,S2B_OPER_MSI_L2A_DS_MSFT_20230711T003202_S20230710T170425_N05.09,6.4e-05,0.118947,1e-05,descending,2023-07-11T00:32:01.483944Z,0.0215,0.234713,GS2B_20230710T165849_033128_N05.09,S2B_OPER_MSI_L2A_TL_MSFT_20230711T003202_A033128_T15TVH_N05.09,INS-NOBS,{10980},10.0,32610,0.5631305259337811
2023-07-10 16:58:49.024,S2B_MSIL2A_20230710T165849_R069_T15TVG_20241022T005645,msi,15TVG,05.10,0.067209,EPSG:32615,0.001032,0.967372636017987,69,0.0,Sentinel-2B,0.0,0.075869,24.2744806917623,0.029303,S2MSI2A,94.499445,4.698604,Sentinel 2,S2B_MSIL2A_20230710T165849_N0510_R069_T15TVG_20241022T005645.SAFE,0.0,139.261467490418,S2B_OPER_MSI_L2A_DS_S2RP_20241022T005645_S20230710T170425_N05.10,0.036722,0.233042,0.006387,descending,2024-10-22T00:56:45.000000Z,0.0214,0.389106,GS2B_20230710T165849_033128_N05.10,S2B_OPER_MSI_L2A_TL_S2RP_20241022T005645_A033128_T15TVG_N05.10,INS-NOBS,{10980},10.0,32610,0.5389947217727934
2023-07-10 16:58:49.024,S2B_MSIL2A_20230710T165849_R069_T15TVG_20230711T004706,msi,15TVG,05.09,0.03718,EPSG:32615,0.001022,0.967372636017987,69,3e-06,Sentinel-2B,0.0,0.075909,24.2744808579023,0.028819,S2MSI2A,94.509506,4.703743,Sentinel 2,S2B_MSIL2A_20230710T165849_N0509_R069_T15TVG_20230711T004706.SAFE,0.0,139.261466820242,S2B_OPER_MSI_L2A_DS_MSFT_20230711T004706_S20230710T170425_N05.09,0.036214,0.248722,0.006374,descending,2023-07-11T00:47:06.229771Z,0.0214,0.388725,GS2B_20230710T165849_033128_N05.09,S2B_OPER_MSI_L2A_TL_MSFT_20230711T004706_A033128_T15TVG_N05.09,INS-NOBS,{10980},10.0,32610,0.5391330225693682
2023-07-15 16:58:51.024,S2A_MSIL2A_20230715T165851_R069_T15TVH_20230716T023054,msi,15TVH,05.09,0.0,EPSG:32615,0.00356,0.967563143974386,69,0.748933,Sentinel-2A,0.0,0.002621,25.6879051475169,1.100411,S2MSI2A,2.45383,94.29245,Sentinel 2,S2A_MSIL2A_20230715T165851_N0509_R069_T15TVH_20230716T023054.SAFE,0.0,140.95161903261,S2A_OPER_MSI_L2A_DS_MSFT_20230716T023055_S20230715T170556_N05.09,1.747939,1.20304,0.643968,descending,2023-07-16T02:30:54.66835Z,0.0066,0.300117,GS2A_20230715T165851_042108_N05.09,S2A_OPER_MSI_L2A_TL_MSFT_20230716T023055_A042108_T15TVH_N05.09,INS-NOBS,{10980},10.0,32610,0.5699470975384844
2023-07-15 16:58:51.024,S2A_MSIL2A_20230715T165851_R069_T15TVG_20230716T023640,msi,15TVG,05.09,0.0,EPSG:32615,0.02417,0.967563143974386,69,0.0,Sentinel-2A,0.0,0.002541,24.9618380759716,0.096446,S2MSI2A,2.088215,96.455228,Sentinel 2,S2A_MSIL2A_20230715T165851_N0509_R069_T15TVG_20230716T023640.SAFE,0.0,139.868222046951,S2A_OPER_MSI_L2A_DS_MSFT_20230716T023642_S20230715T170556_N05.09,0.120637,0.715001,2e-05,descending,2023-07-16T02:36:40.825745Z,0.0,0.618379,GS2A_20230715T165851_042108_N05.09,S2A_OPER_MSI_L2A_TL_MSFT_20230716T023642_A042108_T15TVG_N05.09,INS-NOBS,{10980},10.0,32610,0.5585882533547234
2023-07-20 16:58:49.024,S2B_MSIL2A_20230720T165849_R069_T15TVG_20230721T000843,msi,15TVG,05.09,0.034263,EPSG:32615,1.259186,0.967987707463037,69,3e-06,Sentinel-2B,0.0,2.63944,25.7567752449598,1.810628,S2MSI2A,87.87874,4.539421,Sentinel 2,S2B_MSIL2A_20230720T165849_N0509_R069_T15TVG_20230721T000843.SAFE,0.0,140.725055183149,S2B_OPER_MSI_L2A_DS_MSFT_20230721T000844_S20230720T170332_N05.09,4.080574,0.4632,1.01076,descending,2023-07-21T00:08:43.105425Z,0.0213,0.364355,GS2B_20230720T165849_033271_N05.09,S2B_OPER_MSI_L2A_TL_MSFT_20230721T000844_A033271_T15TVG_N05.09,INS-NOBS,{10980},10.0,32610,0.5076528713033995
2023-07-23 17:08:59.024,S2B_MSIL2A_20230723T170859_R112_T15TVG_20241017T093608,msi,15TVG,05.10,0.01102,EPSG:32615,0.753787,0.968354699933284,112,42.793787,Sentinel-2B,0.0,0.311588,25.190004543163,0.900336,S2MSI2A,88.696301,6.537046,Sentinel 2,S2B_MSIL2A_20230723T170859_N0510_R112_T15TVG_20241017T093608.SAFE,0.0,146.104991615603,S2B_OPER_MSI_L2A_DS_S2RP_20241017T093608_S20230723T171343_N05.10,1.914521,2.003838,0.260399,descending,2024-10-17T09:36:08.000000Z,0.0317,0.525687,GS2B_20230723T170859_033314_N05.10,S2B_OPER_MSI_L2A_TL_S2RP_20241017T093608_A033314_T15TVG_N05.10,INS-NOBS,{10980},10.0,32610,0.5501127920538924
2023-07-23 17:08:59.024,S2B_MSIL2A_20230723T170859_R112_T15TVG_20230723T234432,msi,15TVG,05.09,0.003167,EPSG:32615,0.752925,0.968354699933284,112,42.793968,Sentinel-2B,0.0,0.310614,25.1900053421453,0.897961,S2MSI2A,88.746196,6.508676,Sentinel 2,S2B_MSIL2A_20230723T170859_N0509_R112_T15TVG_20230723T234432.SAFE,0.0,146.104987778117,S2B_OPER_MSI_L2A_DS_MSFT_20230723T234434_S20230723T171343_N05.09,1.910648,1.998323,0.259762,descending,2023-07-23T23:44:32.416952Z,0.0317,0.522371,GS2B_20230723T170859_033314_N05.09,S2B_OPER_MSI_L2A_TL_MSFT_20230723T234434_A033314_T15TVG_N05.09,INS-NOBS,{10980},10.0,32610,0.5505908918659829
2023-07-28 17:08:51.024,S2A_MSIL2A_20230728T170851_R112_T15TVH_20241020T141559,msi,15TVH,05.10,0.028874,EPSG:32615,0.142291,0.969147874228247,112,16.554338,Sentinel-2A,0.0,1.149428,26.9683214272019,0.524071,S2MSI2A,95.313138,2.212416,Sentinel 2,S2A_MSIL2A_20230728T170851_N0510_R112_T15TVH_20241020T141559.SAFE,0.0,148.026031156188,S2A_OPER_MSI_L2A_DS_S2RP_20241020T141559_S20230728T171929_N05.10,0.76661,0.26457,0.100248,descending,2024-10-20T14:15:59.000000Z,0.0263,0.26496,GS2A_20230728T170851_042294_N05.10,S2A_OPER_MSI_L2A_TL_S2RP_20241020T141559_A042294_T15TVH_N05.10,INS-NOBS,{10980},10.0,32610,0.5672569983027145
2023-07-28 17:08:51.024,S2A_MSIL2A_20230728T170851_R112_T15TVH_20230729T021740,msi,15TVH,05.09,0.015833,EPSG:32615,0.141587,0.969147874228247,112,16.554235,Sentinel-2A,0.0,1.129677,26.9683196273782,0.52378,S2MSI2A,95.337629,2.212676,Sentinel 2,S2A_MSIL2A_20230728T170851_N0509_R112_T15TVH_20230729T021740.SAFE,0.0,148.026040020415,S2A_OPER_MSI_L2A_DS_MSFT_20230729T021741_S20230728T171929_N05.09,0.765285,0.274621,0.099918,descending,2023-07-29T02:17:40.264133Z,0.0263,0.26428,GS2A_20230728T170851_042294_N05.09,S2A_OPER_MSI_L2A_TL_MSFT_20230729T021741_A042294_T15TVH_N05.09,INS-NOBS,{10980},10.0,32610,0.5674148642160213
2023-07-28 17:08:51.024,S2A_MSIL2A_20230728T170851_R112_T15TVG_20241020T141559,msi,15TVG,05.10,0.093137,EPSG:32615,0.338876,0.969147874228247,112,42.486456,Sentinel-2A,0.0,0.023369,26.1812370647412,0.039164,S2MSI2A,93.948662,4.780434,Sentinel 2,S2A_MSIL2A_20230728T170851_N0510_R112_T15TVG_20241020T141559.SAFE,0.0,147.192858514313,S2A_OPER_MSI_L2A_DS_S2RP_20241020T141559_S20230728T171929_N05.10,0.387357,0.242514,0.009317,descending,2024-10-20T14:15:59.000000Z,0.0269,0.524528,GS2A_20230728T170851_042294_N05.10,S2A_OPER_MSI_L2A_TL_S2RP_20241020T141559_A042294_T15TVG_N05.10,INS-NOBS,{10980},10.0,32610,0.5438288458941037
2023-07-28 17:08:51.024,S2A_MSIL2A_20230728T170851_R112_T15TVG_20230729T021134,msi,15TVG,05.09,0.040076,EPSG:32615,0.337959,0.969147874228247,112,42.486361,Sentinel-2A,0.0,0.025758,26.1812350326117,0.040831,S2MSI2A,93.958759,4.796752,Sentinel 2,S2A_MSIL2A_20230728T170851_N0509_R112_T15TVG_20230729T021134.SAFE,0.0,147.192868344004,S2A_OPER_MSI_L2A_DS_MSFT_20230729T021135_S20230728T171929_N05.09,0.388285,0.267966,0.009495,descending,2023-07-29T02:11:34.784969Z,0.0269,0.522404,GS2A_20230728T170851_042294_N05.09,S2A_OPER_MSI_L2A_TL_MSFT_20230729T021135_A042294_T15TVG_N05.09,INS-NOBS,{10980},10.0,32610,0.5440203078073998
2023-07-30 16:58:49.024,S2B_MSIL2A_20230730T165849_R069_T15TVH_20241019T075408,msi,15TVH,05.10,0.023751,EPSG:32615,3.087394,0.969526819861084,69,0.817117,Sentinel-2B,0.0,0.382109,28.4103401146004,1.465895,S2MSI2A,90.655476,2.939688,Sentinel 2,S2B_MSIL2A_20230730T165849_N0510_R069_T15TVH_20241019T075408.SAFE,0.0,143.922285412309,S2B_OPER_MSI_L2A_DS_S2RP_20241019T075408_S20230730T170339_N05.10,4.934896,0.838086,0.381607,descending,2024-10-19T07:54:08.000000Z,0.0216,0.226,GS2B_20230730T165849_033414_N05.10,S2B_OPER_MSI_L2A_TL_S2RP_20241019T075408_A033414_T15TVH_N05.10,INS-NOBS,{10980},10.0,32610,0.4902224789168626
2023-07-30 16:58:49.024,S2B_MSIL2A_20230730T165849_R069_T15TVH_20230731T002032,msi,15TVH,05.09,0.014438,EPSG:32615,3.085306,0.969526819861084,69,0.817097,Sentinel-2B,0.0,0.389074,28.4103401790309,1.464533,S2MSI2A,90.653062,2.943799,Sentinel 2,S2B_MSIL2A_20230730T165849_N0509_R069_T15TVH_20230731T002032.SAFE,0.0,143.922285135354,S2B_OPER_MSI_L2A_DS_MSFT_20230731T002033_S20230730T170339_N05.09,4.931527,0.842375,0.381688,descending,2023-07-31T00:20:32.606118Z,0.0215,0.225729,GS2B_20230730T165849_033414_N05.09,S2B_OPER_MSI_L2A_TL_MSFT_20230731T002033_A033414_T15TVH_N05.09,INS-NOBS,{10980},10.0,32610,0.4898233183228562
2023-07-30 16:58:49.024,S2B_MSIL2A_20230730T165849_R069_T15TVG_20241019T075408,msi,15TVG,05.10,0.064101,EPSG:32615,1.166751,0.969526819861084,69,0.0,Sentinel-2B,0.0,0.6025,27.6567043535965,1.004887,S2MSI2A,90.946788,4.876812,Sentinel 2,S2B_MSIL2A_20230730T165849_N0510_R069_T15TVG_20241019T075408.SAFE,0.0,143.039064584354,S2B_OPER_MSI_L2A_DS_S2RP_20241019T075408_S20230730T170339_N05.10,2.443376,0.66941,0.271738,descending,2024-10-19T07:54:08.000000Z,0.0213,0.397013,GS2B_20230730T165849_033414_N05.10,S2B_OPER_MSI_L2A_TL_S2RP_20241019T075408_A033414_T15TVG_N05.10,INS-NOBS,{10980},10.0,32610,0.44779286997641154
2023-07-30 16:58:49.024,S2B_MSIL2A_20230730T165849_R069_T15TVG_20230731T002515,msi,15TVG,05.09,0.032973,EPSG:32615,1.158175,0.969526819861084,69,3e-06,Sentinel-2B,0.0,0.603415,27.6567045066661,1.005289,S2MSI2A,90.957749,4.887383,Sentinel 2,S2B_MSIL2A_20230730T165849_N0509_R069_T15TVG_20230731T002515.SAFE,0.0,143.03906395455,S2B_OPER_MSI_L2A_DS_MSFT_20230731T002516_S20230730T170339_N05.09,2.435387,0.68595,0.271923,descending,2023-07-31T00:25:15.61297Z,0.0214,0.397142,GS2B_20230730T165849_033414_N05.09,S2B_OPER_MSI_L2A_TL_MSFT_20230731T002516_A033414_T15TVG_N05.09,INS-NOBS,{10980},10.0,32610,0.44790320398236244
2023-08-17 17:09:01.024,S2A_MSIL2A_20230817T170901_R112_T15TVG_20241027T145136,msi,15TVG,05.10,0.107836,EPSG:32615,0.00083,0.974488947654517,112,42.861745,Sentinel-2A,0.0,0.214638,31.1056608387413,0.142049,S2MSI2A,94.395834,4.266968,Sentinel 2,S2A_MSIL2A_20230817T170901_N0510_R112_T15TVG_20241027T145136.SAFE,0.0,152.848167563724,S2A_OPER_MSI_L2A_DS_S2RP_20241027T145136_S20230817T171901_N05.10,0.202978,0.281764,0.060099,descending,2024-10-27T14:51:36.000000Z,0.0263,0.529976,GS2A_20230817T170901_042580_N05.10,S2A_OPER_MSI_L2A_TL_S2RP_20241027T145136_A042580_T15TVG_N05.10,INS-NOBS,{10980},10.0,32610,0.5747394238976026
2023-08-17 17:09:01.024,S2A_MSIL2A_20230817T170901_R112_T15TVG_20230818T030911,msi,15TVG,05.09,0.044131,EPSG:32615,0.000819,0.974488947654517,112,42.861819,Sentinel-2A,0.0,0.212089,31.1056591264586,0.140661,S2MSI2A,94.421679,4.279185,Sentinel 2,S2A_MSIL2A_20230817T170901_N0509_R112_T15TVG_20230818T030911.SAFE,0.0,152.848176521388,S2A_OPER_MSI_L2A_DS_MSFT_20230818T030912_S20230817T171901_N05.09,0.201155,0.312847,0.059675,descending,2023-08-18T03:09:11.252116Z,0.0262,0.52892,GS2A_20230817T170901_042580_N05.09,S2A_OPER_MSI_L2A_TL_MSFT_20230818T030912_A042580_T15TVG_N05.09,INS-NOBS,{10980},10.0,32610,0.5748795176486855
2023-08-19 16:58:49.024,S2B_MSIL2A_20230819T165849_R069_T15TVH_20241019T112939,msi,15TVH,05.10,0.025556,EPSG:32615,2.744539,0.975197986605327,69,0.758909,Sentinel-2B,0.0,0.07883,33.3650530791834,0.045331,S2MSI2A,95.083708,1.670435,Sentinel 2,S2B_MSIL2A_20230819T165849_N0510_R069_T15TVH_20241019T112939.SAFE,0.0,149.801346576172,S2B_OPER_MSI_L2A_DS_S2RP_20241019T112939_S20230819T170353_N05.10,2.794771,0.112713,0.004901,descending,2024-10-19T11:29:39.000000Z,0.0215,0.233988,GS2B_20230819T165849_033700_N05.10,S2B_OPER_MSI_L2A_TL_S2RP_20241019T112939_A033700_T15TVH_N05.10,INS-NOBS,{10980},10.0,32610,0.5779513259898263
2023-08-19 16:58:49.024,S2B_MSIL2A_20230819T165849_R069_T15TVH_20230820T001034,msi,15TVH,05.09,0.014185,EPSG:32615,2.731104,0.975197986605327,69,0.758946,Sentinel-2B,0.0,0.080956,33.3650531346488,0.044354,S2MSI2A,95.100176,1.67178,Sentinel 2,S2B_MSIL2A_20230819T165849_N0509_R069_T15TVH_20230820T001034.SAFE,0.0,149.801346317739,S2B_OPER_MSI_L2A_DS_MSFT_20230820T001035_S20230819T170353_N05.09,2.780362,0.118657,0.004904,descending,2023-08-20T00:10:34.467566Z,0.0215,0.233888,GS2B_20230819T165849_033700_N05.09,S2B_OPER_MSI_L2A_TL_MSFT_20230820T001035_A033700_T15TVH_N05.09,INS-NOBS,{10980},10.0,32610,0.5780913907809012
2023-08-19 16:58:49.024,S2B_MSIL2A_20230819T165849_R069_T15TVG_20241019T112939,msi,15TVG,05.10,0.065023,EPSG:32615,3.656534,0.975197986605327,69,0.0,Sentinel-2B,0.0,0.121154,32.5636506748945,0.07413,S2MSI2A,91.725534,3.714075,Sentinel 2,S2B_MSIL2A_20230819T165849_N0510_R069_T15TVG_20241019T112939.SAFE,0.0,149.210726224651,S2B_OPER_MSI_L2A_DS_S2RP_20241019T112939_S20230819T170353_N05.10,3.737771,0.256728,0.007107,descending,2024-10-19T11:29:39.000000Z,0.0214,0.37971,GS2B_20230819T165849_033700_N05.10,S2B_OPER_MSI_L2A_TL_S2RP_20241019T112939_A033700_T15TVG_N05.10,INS-NOBS,{10980},10.0,32610,0.5499824233097601
2023-08-19 16:58:49.024,S2B_MSIL2A_20230819T165849_R069_T15TVG_20230819T233640,msi,15TVG,05.09,0.034462,EPSG:32615,3.644042,0.975197986605327,69,0.0,Sentinel-2B,0.0,0.125003,32.5636508055799,0.073357,S2MSI2A,91.745758,3.719172,Sentinel 2,S2B_MSIL2A_20230819T165849_N0509_R069_T15TVG_20230819T233640.SAFE,0.0,149.21072563933,S2B_OPER_MSI_L2A_DS_MSFT_20230819T233640_S20230819T170353_N05.09,3.724364,0.271937,0.006964,descending,2023-08-19T23:36:40.31958Z,0.0214,0.379305,GS2B_20230819T165849_033700_N05.09,S2B_OPER_MSI_L2A_TL_MSFT_20230819T233640_A033700_T15TVG_N05.09,INS-NOBS,{10980},10.0,32610,0.5501175677668367
2023-08-22 17:08:59.024,S2B_MSIL2A_20230822T170859_R112_T15TVH_20241016T015137,msi,15TVH,05.10,0.028929,EPSG:32615,0.000183,0.976323240898667,112,16.826524,Sentinel-2B,0.0,0.046923,33.3921426970346,0.024628,S2MSI2A,97.795916,1.691309,Sentinel 2,S2B_MSIL2A_20230822T170859_N0510_R112_T15TVH_20241016T015137.SAFE,0.0,154.883574353683,S2B_OPER_MSI_L2A_DS_S2RP_20241016T015137_S20230822T171837_N05.10,0.027281,0.144372,0.002469,descending,2024-10-16T01:51:37.000000Z,0.0242,0.265272,GS2B_20230822T170859_033743_N05.10,S2B_OPER_MSI_L2A_TL_S2RP_20241016T015137_A033743_T15TVH_N05.10,INS-NOBS,{10980},10.0,32610,0.5668225390609806
2023-08-22 17:08:59.024,S2B_MSIL2A_20230822T170859_R112_T15TVH_20230823T011730,msi,15TVH,05.09,0.016,EPSG:32615,0.000191,0.976323240898667,112,16.826308,Sentinel-2B,0.0,0.046544,33.3921432285437,0.025307,S2MSI2A,97.801673,1.690587,Sentinel 2,S2B_MSIL2A_20230822T170859_N0509_R112_T15TVH_20230823T011730.SAFE,0.0,154.883571449666,S2B_OPER_MSI_L2A_DS_MSFT_20230823T011731_S20230822T171837_N05.09,0.027971,0.152074,0.002473,descending,2023-08-23T01:17:30.334627Z,0.0242,0.265148,GS2B_20230822T170859_033743_N05.09,S2B_OPER_MSI_L2A_TL_MSFT_20230823T011731_A033743_T15TVH_N05.09,INS-NOBS,{10980},10.0,32610,0.5669905904915861
2023-08-22 17:08:59.024,S2B_MSIL2A_20230822T170859_R112_T15TVG_20241016T015137,msi,15TVG,05.10,0.097811,EPSG:32615,0.000487,0.976323240898667,112,42.772034,Sentinel-2B,0.0,0.045633,32.5571464529458,0.116485,S2MSI2A,94.173265,4.668724,Sentinel 2,S2B_MSIL2A_20230822T170859_N0510_R112_T15TVG_20241016T015137.SAFE,0.0,154.405477282735,S2B_OPER_MSI_L2A_DS_S2RP_20241016T015137_S20230822T171837_N05.10,0.127309,0.360702,0.010337,descending,2024-10-16T01:51:37.000000Z,0.031,0.526554,GS2B_20230822T170859_033743_N05.10,S2B_OPER_MSI_L2A_TL_S2RP_20241016T015137_A033743_T15TVG_N05.10,INS-NOBS,{10980},10.0,32610,0.5407992143992738
2023-08-22 17:08:59.024,S2B_MSIL2A_20230822T170859_R112_T15TVG_20230823T000957,msi,15TVG,05.09,0.042003,EPSG:32615,0.000493,0.976323240898667,112,42.771754,Sentinel-2B,0.0,0.0575,32.5571470707786,0.117203,S2MSI2A,94.179606,4.676557,Sentinel 2,S2B_MSIL2A_20230822T170859_N0509_R112_T15TVG_20230823T000957.SAFE,0.0,154.405473953361,S2B_OPER_MSI_L2A_DS_MSFT_20230823T000957_S20230822T171837_N05.09,0.128051,0.389758,0.010354,descending,2023-08-23T00:09:57.312869Z,0.0309,0.526517,GS2B_20230822T170859_033743_N05.09,S2B_OPER_MSI_L2A_TL_MSFT_20230823T000957_A033743_T15TVG_N05.09,INS-NOBS,{10980},10.0,32610,0.5402724958448514
2023-08-24 16:58:51.024,S2A_MSIL2A_20230824T165851_R069_T15TVH_20241021T115739,msi,15TVH,05.10,0.02707,EPSG:32615,2.363909,0.977104593064107,69,0.585761,Sentinel-2A,0.0,0.681672,34.8087513055642,0.222734,S2MSI2A,93.898982,2.277827,Sentinel 2,S2A_MSIL2A_20230824T165851_N0510_R069_T15TVH_20241021T115739.SAFE,0.0,151.417987120244,S2A_OPER_MSI_L2A_DS_S2RP_20241021T115739_S20230824T170825_N05.10,2.681107,0.199746,0.094465,descending,2024-10-21T11:57:39.000000Z,0.0062,0.233594,GS2A_20230824T165851_042680_N05.10,S2A_OPER_MSI_L2A_TL_S2RP_20241021T115739_A042680_T15TVH_N05.10,INS-NOBS,{10980},10.0,32610,0.5421148154735252
2023-08-24 16:58:51.024,S2A_MSIL2A_20230824T165851_R069_T15TVH_20230825T023151,msi,15TVH,05.09,0.015188,EPSG:32615,2.355679,0.977104593064107,69,0.585655,Sentinel-2A,0.0,0.688516,34.808750729881,0.223775,S2MSI2A,93.904805,2.277404,Sentinel 2,S2A_MSIL2A_20230824T165851_N0509_R069_T15TVH_20230825T023151.SAFE,0.0,151.417989784719,S2A_OPER_MSI_L2A_DS_MSFT_20230825T023152_S20230824T170825_N05.09,2.67434,0.206494,0.094885,descending,2023-08-25T02:31:51.214704Z,0.0062,0.233246,GS2A_20230824T165851_042680_N05.09,S2A_OPER_MSI_L2A_TL_MSFT_20230825T023152_A042680_T15TVH_N05.09,INS-NOBS,{10980},10.0,32610,0.5422701013466223
2023-08-29 16:58:49.024,S2B_MSIL2A_20230829T165849_R069_T15TVH_20241025T235058,msi,15TVH,05.10,0.107971,EPSG:32615,0.000246,0.979183600660916,69,87.874323,Sentinel-2B,0.0,2.861418,36.3266761860974,2.348789,S2MSI2A,89.251953,3.144697,Sentinel 2,S2B_MSIL2A_20230829T165849_N0510_R069_T15TVH_20241025T235058.SAFE,0.0,153.022512573,S2B_OPER_MSI_L2A_DS_S2RP_20241025T235058_S20230829T171159_N05.10,3.973167,0.410595,1.624131,descending,2024-10-25T23:50:58.000000Z,0.0166,0.250199,GS2B_20230829T165849_033843_N05.10,S2B_OPER_MSI_L2A_TL_S2RP_20241025T235058_A033843_T15TVH_N05.10,INS-NOBS,{10980},10.0,32610,0.5249151605277164
2023-08-29 16:58:49.024,S2B_MSIL2A_20230829T165849_R069_T15TVH_20241025T230334,msi,15TVH,05.10,0.028947,EPSG:32615,0.000653,0.979183600660916,69,1.373098,Sentinel-2B,0.0,1.812469,36.3266761860973,1.163568,S2MSI2A,92.914665,2.767436,Sentinel 2,S2B_MSIL2A_20230829T165849_N0510_R069_T15TVH_20241025T230334.SAFE,0.0,153.022512573,S2B_OPER_MSI_L2A_DS_S2RP_20241025T230334_S20230829T170139_N05.10,2.021799,0.21994,0.857579,descending,2024-10-25T23:03:34.000000Z,0.0216,0.234739,GS2B_20230829T165849_033843_N05.10,S2B_OPER_MSI_L2A_TL_S2RP_20241025T230334_A033843_T15TVH_N05.10,INS-NOBS,{10980},10.0,32610,0.5235306939042809
2023-08-29 16:58:49.024,S2B_MSIL2A_20230829T165849_R069_T15TVH_20230830T002136,msi,15TVH,05.09,0.067199,EPSG:32615,0.000246,0.979183600660916,69,87.873906,Sentinel-2B,0.0,2.885508,36.3266762363985,2.348025,S2MSI2A,89.247036,3.139365,Sentinel 2,S2B_MSIL2A_20230829T165849_N0509_R069_T15TVH_20230830T002136.SAFE,0.0,153.022512324456,S2B_OPER_MSI_L2A_DS_MSFT_20230830T002137_S20230829T171159_N05.09,3.975494,0.435207,1.627223,descending,2023-08-30T00:21:36.301474Z,0.0166,0.25019,GS2B_20230829T165849_033843_N05.09,S2B_OPER_MSI_L2A_TL_MSFT_20230830T002137_A033843_T15TVH_N05.09,INS-NOBS,{10980},10.0,32610,0.5250823163666073
2023-08-29 16:58:49.024,S2B_MSIL2A_20230829T165849_R069_T15TVH_20230829T232508,msi,15TVH,05.09,0.017005,EPSG:32615,0.000643,0.979183600660916,69,1.373356,Sentinel-2B,0.0,1.812931,36.3266762363984,1.160261,S2MSI2A,92.920566,2.769866,Sentinel 2,S2B_MSIL2A_20230829T165849_N0509_R069_T15TVH_20230829T232508.SAFE,0.0,153.022512324456,S2B_OPER_MSI_L2A_DS_MSFT_20230829T232509_S20230829T170139_N05.09,2.018232,0.226894,0.857329,descending,2023-08-29T23:25:08.458348Z,0.0216,0.234504,GS2B_20230829T165849_033843_N05.09,S2B_OPER_MSI_L2A_TL_MSFT_20230829T232509_A033843_T15TVH_N05.09,INS-NOBS,{10980},10.0,32610,0.5236897187263018
2023-08-29 16:58:49.024,S2B_MSIL2A_20230829T165849_R069_T15TVG_20241025T235058,msi,15TVG,05.10,0.067409,EPSG:32615,0.000434,0.979183600660916,69,1.486777,Sentinel-2B,0.0,1.181864,35.5029144216737,0.81232,S2MSI2A,92.042941,4.669496,Sentinel 2,S2B_MSIL2A_20230829T165849_N0510_R069_T15TVG_20241025T235058.SAFE,0.0,152.562914368521,S2B_OPER_MSI_L2A_DS_S2RP_20241025T235058_S20230829T171159_N05.10,1.377193,0.274684,0.564439,descending,2024-10-25T23:50:58.000000Z,0.0215,0.386414,GS2B_20230829T165849_033843_N05.10,S2B_OPER_MSI_L2A_TL_S2RP_20241025T235058_A033843_T15TVG_N05.10,INS-NOBS,{10980},10.0,32610,0.4881110637527261
2023-08-29 16:58:49.024,S2B_MSIL2A_20230829T165849_R069_T15TVG_20241025T230334,msi,15TVG,05.10,0.057123,EPSG:32615,0.000202,0.979183600660916,69,85.206527,Sentinel-2B,0.0,3.647689,35.5029144216735,2.732571,S2MSI2A,88.844746,2.04543,Sentinel 2,S2B_MSIL2A_20230829T165849_N0510_R069_T15TVG_20241025T230334.SAFE,0.0,152.562914368521,S2B_OPER_MSI_L2A_DS_S2RP_20241025T230334_S20230829T170139_N05.10,4.922593,0.326189,2.18982,descending,2024-10-25T23:03:34.000000Z,0.0237,0.156231,GS2B_20230829T165849_033843_N05.10,S2B_OPER_MSI_L2A_TL_S2RP_20241025T230334_A033843_T15TVG_N05.10,INS-NOBS,{10980},10.0,32610,0.49434981224570057
2023-08-29 16:58:49.024,S2B_MSIL2A_20230829T165849_R069_T15TVG_20230830T002641,msi,15TVG,05.09,0.033208,EPSG:32615,0.000438,0.979183600660916,69,1.486627,Sentinel-2B,0.0,1.179327,35.5029145395712,0.810527,S2MSI2A,92.05761,4.676222,Sentinel 2,S2B_MSIL2A_20230829T165849_N0509_R069_T15TVG_20230830T002641.SAFE,0.0,152.562913807813,S2B_OPER_MSI_L2A_DS_MSFT_20230830T002642_S20230829T171159_N05.09,1.375457,0.291728,0.564492,descending,2023-08-30T00:26:41.729353Z,0.0215,0.386451,GS2B_20230829T165849_033843_N05.09,S2B_OPER_MSI_L2A_TL_MSFT_20230830T002642_A033843_T15TVG_N05.09,INS-NOBS,{10980},10.0,32610,0.48756609084299113
2023-08-29 16:58:49.024,S2B_MSIL2A_20230829T165849_R069_T15TVG_20230830T002118,msi,15TVG,05.09,0.036583,EPSG:32615,0.000202,0.979183600660916,69,85.207886,Sentinel-2B,0.0,3.599688,35.5029145395712,2.718826,S2MSI2A,88.907778,2.050284,Sentinel 2,S2B_MSIL2A_20230829T165849_N0509_R069_T15TVG_20230830T002118.SAFE,0.0,152.562913807813,S2B_OPER_MSI_L2A_DS_MSFT_20230830T002119_S20230829T170139_N05.09,4.908758,0.341202,2.18973,descending,2023-08-30T00:21:18.895648Z,0.0238,0.155708,GS2B_20230829T165849_033843_N05.09,S2B_OPER_MSI_L2A_TL_MSFT_20230830T002119_A033843_T15TVG_N05.09,INS-NOBS,{10980},10.0,32610,0.4939599548321231
2023-09-01 17:08:59.024,S2B_MSIL2A_20230901T170859_R112_T15TVG_20241104T181118,msi,15TVG,05.10,0.104699,EPSG:32615,0.258038,0.980511254973786,112,43.171641,Sentinel-2B,0.000187,0.000134,35.6732707173056,0.001448,S2MSI2A,93.049604,5.791708,Sentinel 2,S2B_MSIL2A_20230901T170859_N0510_R112_T15TVG_20241104T181118.SAFE,0.0,157.542883420154,S2B_OPER_MSI_L2A_DS_S2RP_20241104T181118_S20230901T172029_N05.10,0.259666,0.257325,0.000181,descending,2024-11-04T18:11:18.000000Z,0.0312,0.536679,GS2B_20230901T170859_033886_N05.10,S2B_OPER_MSI_L2A_TL_S2RP_20241104T181118_A033886_T15TVG_N05.10,INS-NOBS,{10980},10.0,32610,0.49624903728086134
2023-09-01 17:08:59.024,S2B_MSIL2A_20230901T170859_R112_T15TVG_20230902T001459,msi,15TVG,05.09,0.043163,EPSG:32615,0.25555,0.980511254973786,112,43.171635,Sentinel-2B,0.000187,0.000134,35.6732712639774,0.001512,S2MSI2A,93.071681,5.800927,Sentinel 2,S2B_MSIL2A_20230901T170859_N0509_R112_T15TVG_20230902T001459.SAFE,0.0,157.542880266572,S2B_OPER_MSI_L2A_DS_MSFT_20230902T001500_S20230901T172029_N05.09,0.25729,0.289098,0.000228,descending,2023-09-02T00:14:59.769755Z,0.0312,0.537519,GS2B_20230901T170859_033886_N05.09,S2B_OPER_MSI_L2A_TL_MSFT_20230902T001500_A033886_T15TVG_N05.09,INS-NOBS,{10980},10.0,32610,0.4963762012199605
2023-09-03 16:58:51.024,S2A_MSIL2A_20230903T165851_R069_T15TVH_20241104T083050,msi,15TVH,05.10,0.033485,EPSG:32615,0.262564,0.98142122510915,69,0.577404,Sentinel-2A,0.0,0.0,37.9066912065493,0.001875,S2MSI2A,92.753845,6.59304,Sentinel 2,S2A_MSIL2A_20230903T165851_N0510_R069_T15TVH_20241104T083050.SAFE,0.0,154.620413614726,S2A_OPER_MSI_L2A_DS_S2RP_20241104T083050_S20230903T170339_N05.10,0.264643,0.104091,0.000204,descending,2024-11-04T08:30:50.000000Z,0.0062,0.250897,GS2A_20230903T165851_042823_N05.10,S2A_OPER_MSI_L2A_TL_S2RP_20241104T083050_A042823_T15TVH_N05.10,INS-NOBS,{10980},10.0,32610,0.48815526586962243
2023-09-03 16:58:51.024,S2A_MSIL2A_20230903T165851_R069_T15TVH_20230904T021506,msi,15TVH,05.09,0.019155,EPSG:32615,0.262356,0.98142122510915,69,0.577311,Sentinel-2A,0.0,0.0,37.9066906911892,0.001889,S2MSI2A,92.758369,6.596208,Sentinel 2,S2A_MSIL2A_20230903T165851_N0509_R069_T15TVH_20230904T021506.SAFE,0.0,154.620416154243,S2A_OPER_MSI_L2A_DS_MSFT_20230904T021507_S20230903T170339_N05.09,0.264435,0.110892,0.00019,descending,2023-09-04T02:15:06.559152Z,0.0062,0.25094,GS2A_20230903T165851_042823_N05.09,S2A_OPER_MSI_L2A_TL_MSFT_20230904T021507_A042823_T15TVH_N05.09,INS-NOBS,{10980},10.0,32610,0.4882846459270167
2023-09-03 16:58:51.024,S2A_MSIL2A_20230903T165851_R069_T15TVG_20241104T083050,msi,15TVG,05.10,0.074505,EPSG:32615,0.00064,0.98142122510915,69,0.0,Sentinel-2A,0.000189,0.0,37.072853606423,1.7e-05,S2MSI2A,92.431766,6.903478,Sentinel 2,S2A_MSIL2A_20230903T165851_N0510_R069_T15TVG_20241104T083050.SAFE,0.0,154.219746715039,S2A_OPER_MSI_L2A_DS_S2RP_20241104T083050_S20230903T170339_N05.10,0.000664,0.186409,7e-06,descending,2024-11-04T08:30:50.000000Z,0.0,0.402991,GS2A_20230903T165851_042823_N05.10,S2A_OPER_MSI_L2A_TL_S2RP_20241104T083050_A042823_T15TVG_N05.10,INS-NOBS,{10980},10.0,32610,0.45487669152915644
2023-09-03 16:58:51.024,S2A_MSIL2A_20230903T165851_R069_T15TVG_20230904T022941,msi,15TVG,05.09,0.036987,EPSG:32615,0.000637,0.98142122510915,69,3e-06,Sentinel-2A,0.000116,0.0,37.0728529558019,3e-05,S2MSI2A,92.444021,6.911954,Sentinel 2,S2A_MSIL2A_20230903T165851_N0509_R069_T15TVG_20230904T022941.SAFE,0.0,154.219749873733,S2A_OPER_MSI_L2A_DS_MSFT_20230904T022941_S20230903T170339_N05.09,0.000677,0.203105,1e-05,descending,2023-09-04T02:29:41.119078Z,0.0,0.403134,GS2A_20230903T165851_042823_N05.09,S2A_OPER_MSI_L2A_TL_MSFT_20230904T022941_A042823_T15TVG_N05.09,INS-NOBS,{10980},10.0,32610,0.45441782621566734
2023-09-08 16:58:49.024,S2B_MSIL2A_20230908T165849_R069_T15TVH_20230909T013731,msi,15TVH,05.09,0.023826,EPSG:32615,4.3e-05,0.983802390545563,69,0.630466,Sentinel-2B,0.0,0.0,39.5487437982131,1.7e-05,S2MSI2A,83.91124,15.688555,Sentinel 2,S2B_MSIL2A_20230908T165849_N0509_R069_T15TVH_20230909T013731.SAFE,0.0,156.163857294764,S2B_OPER_MSI_L2A_DS_MSFT_20230909T013732_S20230908T170110_N05.09,6.3e-05,0.124978,3e-06,descending,2023-09-09T01:37:31.353530Z,0.0214,0.251342,GS2B_20230908T165849_033986_N05.09,S2B_OPER_MSI_L2A_TL_MSFT_20230909T013732_A033986_T15TVH_N05.09,INS-NOBS,{10980},10.0,32610,0.4007941482699544
2023-09-08 16:58:49.024,S2B_MSIL2A_20230908T165849_R069_T15TVG_20230909T011700,msi,15TVG,05.09,0.040972,EPSG:32615,0.000352,0.983802390545563,69,1e-05,Sentinel-2B,0.000103,0.0,38.7058277845757,7e-06,S2MSI2A,87.554824,11.786184,Sentinel 2,S2B_MSIL2A_20230908T165849_N0509_R069_T15TVG_20230909T011700.SAFE,0.0,155.816944791392,S2B_OPER_MSI_L2A_DS_MSFT_20230909T011702_S20230908T170110_N05.09,0.000358,0.225089,0.0,descending,2023-09-09T01:17:00.406216Z,0.0214,0.392471,GS2B_20230908T165849_033986_N05.09,S2B_OPER_MSI_L2A_TL_MSFT_20230909T011702_A033986_T15TVG_N05.09,INS-NOBS,{10980},10.0,32610,0.36375503032364603
2023-09-16 17:09:41.024,S2A_MSIL2A_20230916T170941_R112_T15TVH_20241031T150932,msi,15TVH,05.10,0.042366,EPSG:32615,0.001516,0.987874067244054,112,17.285755,Sentinel-2A,0.0,0.672507,41.6655857255143,0.299878,S2MSI2A,49.897465,48.419416,Sentinel 2,S2A_MSIL2A_20230916T170941_N0510_R112_T15TVH_20241031T150932.SAFE,0.0,162.11701807746,S2A_OPER_MSI_L2A_DS_S2RP_20241031T150932_S20230916T171218_N05.10,0.447117,0.226681,0.145723,descending,2024-10-31T15:09:32.000000Z,0.0288,0.294447,GS2A_20230916T170941_043009_N05.10,S2A_OPER_MSI_L2A_TL_S2RP_20241031T150932_A043009_T15TVH_N05.10,INS-NOBS,{10980},10.0,32610,0.29646459484441345
2023-09-16 17:09:41.024,S2A_MSIL2A_20230916T170941_R112_T15TVH_20230917T014901,msi,15TVH,05.09,0.020846,EPSG:32615,0.001251,0.987874067244054,112,17.285201,Sentinel-2A,0.0,0.66898,41.6655846847726,0.301139,S2MSI2A,49.922591,48.410746,Sentinel 2,S2A_MSIL2A_20230916T170941_N0509_R112_T15TVH_20230917T014901.SAFE,0.0,162.117024904661,S2A_OPER_MSI_L2A_DS_MSFT_20230917T014902_S20230916T171218_N05.09,0.448137,0.234465,0.145746,descending,2023-09-17T01:49:01.799162Z,0.0288,0.294228,GS2A_20230916T170941_043009_N05.09,S2A_OPER_MSI_L2A_TL_MSFT_20230917T014902_A043009_T15TVH_N05.09,INS-NOBS,{10980},10.0,32610,0.2966012972129761
2023-10-16 17:13:11.024,S2A_MSIL2A_20231016T171311_R112_T15TVH_20231017T011342,msi,15TVH,05.09,0.0,EPSG:32615,0.006765,1.00473970947318,112,15.789062,Sentinel-2A,0.000232,0.073038,52.5514833361432,0.039045,S2MSI2A,11.55705,87.883729,Sentinel 2,S2A_MSIL2A_20231016T171311_N0509_R112_T15TVH_20231017T011342.SAFE,0.0,168.170138259788,S2A_OPER_MSI_L2A_DS_MSFT_20231017T011343_S20231016T171323_N05.09,0.052637,0.033233,0.006828,descending,2023-10-17T01:13:42.286854Z,0.0262,0.400083,GS2A_20231016T171311_043438_N05.09,S2A_OPER_MSI_L2A_TL_MSFT_20231017T011343_A043438_T15TVH_N05.09,INS-NOBS,{10980},10.0,32610,0.11556539599503594
2023-10-16 17:13:11.024,S2A_MSIL2A_20231016T171311_R112_T15TVG_20241026T225932,msi,15TVG,05.10,0.000148,EPSG:32615,0.001549,1.00473970947318,112,41.743669,Sentinel-2A,0.001099,0.004038,51.6602086259551,0.003224,S2MSI2A,24.242213,75.061083,Sentinel 2,S2A_MSIL2A_20231016T171311_N0510_R112_T15TVG_20241026T225932.SAFE,0.0,168.110463091471,S2A_OPER_MSI_L2A_DS_S2RP_20241026T225932_S20231016T171323_N05.10,0.005627,0.003389,0.000854,descending,2024-10-26T22:59:32.000000Z,0.0272,0.682404,GS2A_20231016T171311_043438_N05.10,S2A_OPER_MSI_L2A_TL_S2RP_20241026T225932_A043438_T15TVG_N05.10,INS-NOBS,{10980},10.0,32610,0.13185448525402943
2023-10-16 17:13:11.024,S2A_MSIL2A_20231016T171311_R112_T15TVG_20231017T011138,msi,15TVG,05.09,0.0,EPSG:32615,0.001572,1.00473970947318,112,41.744125,Sentinel-2A,0.001207,0.001543,51.6602078598418,0.002386,S2MSI2A,24.248245,75.049961,Sentinel 2,S2A_MSIL2A_20231016T171311_N0509_R112_T15TVG_20231017T011138.SAFE,0.0,168.110469380165,S2A_OPER_MSI_L2A_DS_MSFT_20231017T011139_S20231016T171323_N05.09,0.004852,0.003286,0.000894,descending,2023-10-17T01:11:38.282662Z,0.0272,0.690901,GS2A_20231016T171311_043438_N05.09,S2A_OPER_MSI_L2A_TL_MSFT_20231017T011139_A043438_T15TVG_N05.09,INS-NOBS,{10980},10.0,32610,0.13203128861248442
2023-10-21 17:13:39.024,S2B_MSIL2A_20231021T171339_R112_T15TVH_20241106T082951,msi,15TVH,05.10,0.000867,EPSG:32615,0.001544,1.00759387212085,112,16.612346,Sentinel-2B,0.0,0.008666,54.304003220104,0.001309,S2MSI2A,9.587146,90.022784,Sentinel 2,S2B_MSIL2A_20231021T171339_N0510_R112_T15TVH_20241106T082951.SAFE,0.0,168.800943614501,S2B_OPER_MSI_L2A_DS_S2RP_20241106T082951_S20231021T171340_N05.10,0.003012,0.000537,0.000159,descending,2024-11-06T08:29:51.000000Z,0.0241,0.376993,GS2B_20231021T171339_034601_N05.10,S2B_OPER_MSI_L2A_TL_S2RP_20241106T082951_A034601_T15TVH_N05.10,INS-NOBS,{10980},10.0,32610,0.11657163330996884
2023-10-21 17:13:39.024,S2B_MSIL2A_20231021T171339_R112_T15TVH_20231021T213510,msi,15TVH,05.09,0.0,EPSG:32615,0.001607,1.00759387212085,112,16.605578,Sentinel-2B,0.0,0.005876,54.3040034615253,0.001257,S2MSI2A,9.585683,90.025187,Sentinel 2,S2B_MSIL2A_20231021T171339_N0509_R112_T15TVH_20231021T213510.SAFE,0.0,168.800941557592,S2B_OPER_MSI_L2A_DS_MSFT_20231021T213511_S20231021T171340_N05.09,0.003004,0.000605,0.000139,descending,2023-10-21T21:35:10.887085Z,0.0241,0.379643,GS2B_20231021T171339_034601_N05.09,S2B_OPER_MSI_L2A_TL_MSFT_20231021T213511_A034601_T15TVH_N05.09,INS-NOBS,{10980},10.0,32610,0.11665937520099254
2023-10-21 17:13:39.024,S2B_MSIL2A_20231021T171339_R112_T15TVG_20231021T213448,msi,15TVG,05.09,0.0,EPSG:32615,0.001085,1.00759387212085,112,42.526746,Sentinel-2B,0.000214,0.000462,53.4112671235536,0.000462,S2MSI2A,21.084531,78.20242,Sentinel 2,S2B_MSIL2A_20231021T171339_N0509_R112_T15TVG_20231021T213448.SAFE,0.0,168.755066270483,S2B_OPER_MSI_L2A_DS_MSFT_20231021T213448_S20231021T171340_N05.09,0.001605,0.000352,5.8e-05,descending,2023-10-21T21:34:48.22560Z,0.0311,0.710417,GS2B_20231021T171339_034601_N05.09,S2B_OPER_MSI_L2A_TL_MSFT_20231021T213448_A034601_T15TVG_N05.09,INS-NOBS,{10980},10.0,32610,0.12970723183897362
2023-10-23 17:03:51.024,S2A_MSIL2A_20231023T170351_R069_T15TVH_20241027T203416,msi,15TVH,05.10,0.001906,EPSG:32615,0.069646,1.0087203769366,69,0.773544,Sentinel-2A,0.000301,0.648812,55.3839283756746,0.219146,S2MSI2A,7.653484,90.797299,Sentinel 2,S2A_MSIL2A_20231023T170351_N0510_R069_T15TVH_20241027T203416.SAFE,0.0,166.071192281867,S2A_OPER_MSI_L2A_DS_S2RP_20241027T203416_S20231023T170724_N05.10,0.330716,0.250841,0.041923,descending,2024-10-27T20:34:16.000000Z,0.0066,0.316649,GS2A_20231023T170351_043538_N05.10,S2A_OPER_MSI_L2A_TL_S2RP_20241027T203416_A043538_T15TVH_N05.10,INS-NOBS,{10980},10.0,32610,0.10953197147645584
2023-10-23 17:03:51.024,S2A_MSIL2A_20231023T170351_R069_T15TVH_20231024T001524,msi,15TVH,05.09,0.0,EPSG:32615,0.067653,1.0087203769366,69,0.772927,Sentinel-2A,0.000164,0.647394,55.3839280901438,0.218814,S2MSI2A,7.654386,90.798426,Sentinel 2,S2A_MSIL2A_20231023T170351_N0509_R069_T15TVH_20231024T001524.SAFE,0.0,166.071194207508,S2A_OPER_MSI_L2A_DS_MSFT_20231024T001526_S20231023T170724_N05.09,0.328099,0.25208,0.041632,descending,2023-10-24T00:15:24.594669Z,0.0066,0.319449,GS2A_20231023T170351_043538_N05.09,S2A_OPER_MSI_L2A_TL_MSFT_20231024T001526_A043538_T15TVH_N05.09,INS-NOBS,{10980},10.0,32610,0.10851776666038615
2023-11-12 17:05:41.024,S2A_MSIL2A_20231112T170541_R069_T15TVH_20231112T221450,msi,15TVH,05.09,0.00022,EPSG:32615,0.0,1.01933236225497,69,0.68459,Sentinel-2A,0.0,0.0,61.5498314301098,9.4e-05,S2MSI2A,4.065503,95.580083,Sentinel 2,S2A_MSIL2A_20231112T170541_N0509_R069_T15TVH_20231112T221450.SAFE,0.0,167.403840237237,S2A_OPER_MSI_L2A_DS_MSFT_20231112T221450_S20231112T170622_N05.09,9.7e-05,0.000421,3e-06,descending,2023-11-12T22:14:50.211521Z,0.0064,0.353678,GS2A_20231112T170541_043824_N05.09,S2A_OPER_MSI_L2A_TL_MSFT_20231112T221450_A043824_T15TVH_N05.09,INS-NOBS,{10980},10.0,32610,0.10916451148711809
2023-11-12 17:05:41.024,S2A_MSIL2A_20231112T170541_R069_T15TVG_20231112T221451,msi,15TVG,05.09,0.00295,EPSG:32615,0.000146,1.01933236225497,69,7e-06,Sentinel-2A,0.000202,0.0,60.6603159501772,7e-06,S2MSI2A,9.033454,90.424991,Sentinel 2,S2A_MSIL2A_20231112T170541_N0509_R069_T15TVG_20231112T221451.SAFE,0.0,167.3690250122,S2A_OPER_MSI_L2A_DS_MSFT_20231112T221452_S20231112T170622_N05.09,0.000153,9e-05,0.0,descending,2023-11-12T22:14:51.331125Z,0.0,0.538163,GS2A_20231112T170541_043824_N05.09,S2A_OPER_MSI_L2A_TL_MSFT_20231112T221452_A043824_T15TVG_N05.09,INS-NOBS,{10980},10.0,32610,0.11829402699768085
2023-11-15 17:16:01.024,S2A_MSIL2A_20231115T171601_R112_T15TVH_20241107T085226,msi,15TVH,05.10,0.008561,EPSG:32615,0.384275,1.0207710089028,112,16.715416,Sentinel-2A,4e-06,4e-06,61.9886708276622,0.001657,S2MSI2A,3.771858,95.452517,Sentinel 2,S2A_MSIL2A_20231115T171601_N0510_R112_T15TVH_20241107T085226.SAFE,0.0,170.070592887229,S2A_OPER_MSI_L2A_DS_S2RP_20241107T085226_S20231115T171556_N05.10,0.386203,0.000406,0.000271,descending,2024-11-07T08:52:26.000000Z,0.0265,0.380455,GS2A_20231115T171601_043867_N05.10,S2A_OPER_MSI_L2A_TL_S2RP_20241107T085226_A043867_T15TVH_N05.10,INS-NOBS,{10980},10.0,32610,0.10232169429523592
2023-11-15 17:16:01.024,S2A_MSIL2A_20231115T171601_R112_T15TVH_20231115T221848,msi,15TVH,05.09,0.00049,EPSG:32615,0.379337,1.0207710089028,112,16.708827,Sentinel-2A,0.000155,1.2e-05,61.9886702454556,0.001924,S2MSI2A,3.774464,95.458692,Sentinel 2,S2A_MSIL2A_20231115T171601_N0509_R112_T15TVH_20231115T221848.SAFE,0.0,170.070597839438,S2A_OPER_MSI_L2A_DS_MSFT_20231115T221849_S20231115T171556_N05.09,0.381548,0.00051,0.000287,descending,2023-11-15T22:18:48.569186Z,0.0265,0.384121,GS2A_20231115T171601_043867_N05.09,S2A_OPER_MSI_L2A_TL_MSFT_20231115T221849_A043867_T15TVH_N05.09,INS-NOBS,{10980},10.0,32610,0.102443223283739
2023-11-17 17:05:59.024,S2B_MSIL2A_20231117T170559_R069_T15TVH_20241109T020038,msi,15TVH,05.10,0.013171,EPSG:32615,0.042171,1.02169526624741,69,0.853116,Sentinel-2B,0.0001,0.000472,62.8476323780884,0.000904,S2MSI2A,3.851184,95.73648,Sentinel 2,S2B_MSIL2A_20231117T170559_N0510_R069_T15TVH_20241109T020038.SAFE,0.0,167.42768069876,S2B_OPER_MSI_L2A_DS_S2RP_20241109T020038_S20231117T171002_N05.10,0.043199,0.000137,0.000124,descending,2024-11-09T02:00:38.000000Z,0.0215,0.355253,GS2B_20231117T170559_034987_N05.10,S2B_OPER_MSI_L2A_TL_S2RP_20241109T020038_A034987_T15TVH_N05.10,INS-NOBS,{10980},10.0,32610,0.11707711939498903
2023-11-17 17:05:59.024,S2B_MSIL2A_20231117T170559_R069_T15TVH_20231117T211651,msi,15TVH,05.09,0.000509,EPSG:32615,0.042313,1.02169526624741,69,0.85503,Sentinel-2B,0.000107,0.001861,62.8476324009389,0.000967,S2MSI2A,3.851619,95.742625,Sentinel 2,S2B_MSIL2A_20231117T170559_N0509_R069_T15TVH_20231117T211651.SAFE,0.0,167.42768053919,S2B_OPER_MSI_L2A_DS_MSFT_20231117T211652_S20231117T171002_N05.09,0.043407,7e-05,0.000127,descending,2023-11-17T21:16:51.211998Z,0.0215,0.359807,GS2B_20231117T170559_034987_N05.09,S2B_OPER_MSI_L2A_TL_MSFT_20231117T211652_A034987_T15TVH_N05.09,INS-NOBS,{10980},10.0,32610,0.1172622075975036
2023-11-17 17:05:59.024,S2B_MSIL2A_20231117T170559_R069_T15TVG_20241109T020038,msi,15TVG,05.10,0.033484,EPSG:32615,0.063384,1.02169526624741,69,0.0,Sentinel-2B,0.000103,0.000209,61.9580471733033,0.003086,S2MSI2A,8.267723,91.114771,Sentinel 2,S2B_MSIL2A_20231117T170559_N0510_R069_T15TVG_20241109T020038.SAFE,0.0,167.397361085219,S2B_OPER_MSI_L2A_DS_S2RP_20241109T020038_S20231117T171002_N05.10,0.067,8e-05,0.000531,descending,2024-11-09T02:00:38.000000Z,0.0214,0.516631,GS2B_20231117T170559_034987_N05.10,S2B_OPER_MSI_L2A_TL_S2RP_20241109T020038_A034987_T15TVG_N05.10,INS-NOBS,{10980},10.0,32610,0.12677007042824956
2023-11-17 17:05:59.024,S2B_MSIL2A_20231117T170559_R069_T15TVG_20231117T211334,msi,15TVG,05.09,0.006573,EPSG:32615,0.068782,1.02169526624741,69,7e-06,Sentinel-2B,0.000332,0.0,61.9580472277797,0.003938,S2MSI2A,8.26698,91.127211,Sentinel 2,S2B_MSIL2A_20231117T170559_N0509_R069_T15TVG_20231117T211334.SAFE,0.0,167.397360720492,S2B_OPER_MSI_L2A_DS_MSFT_20231117T211335_S20231117T171002_N05.09,0.073344,0.000166,0.000624,descending,2023-11-17T21:13:34.474882Z,0.0213,0.525396,GS2B_20231117T170559_034987_N05.09,S2B_OPER_MSI_L2A_TL_MSFT_20231117T211335_A034987_T15TVG_N05.09,INS-NOBS,{10980},10.0,32610,0.1268868496308965
2023-12-07 17:07:09.024,S2B_MSIL2A_20231207T170709_R069_T15TVH_20231207T223152,msi,15TVH,05.09,0.003882,EPSG:32615,9.4e-05,1.02942092515244,69,1.103755,Sentinel-2B,0.005307,0.0,66.6524745216187,0.000493,S2MSI2A,2.462322,97.14573,Sentinel 2,S2B_MSIL2A_20231207T170709_N0509_R069_T15TVH_20231207T223152.SAFE,0.0,166.479901269013,S2B_OPER_MSI_L2A_DS_MSFT_20231207T223153_S20231207T170704_N05.09,0.000765,0.000497,0.000178,descending,2023-12-07T22:31:52.916033Z,0.0216,0.381496,GS2B_20231207T170709_035273_N05.09,S2B_OPER_MSI_L2A_TL_MSFT_20231207T223153_A035273_T15TVH_N05.09,INS-NOBS,{10980},10.0,32610,0.1099311084647854
2023-12-07 17:07:09.024,S2B_MSIL2A_20231207T170709_R069_T15TVG_20231207T223224,msi,15TVG,05.09,0.029316,EPSG:32615,0.001327,1.02942092515244,69,3e-06,Sentinel-2B,0.001377,0.0,65.7654102277544,2.3e-05,S2MSI2A,5.10991,94.282407,Sentinel 2,S2B_MSIL2A_20231207T170709_N0509_R069_T15TVG_20231207T223224.SAFE,0.0,166.455112150068,S2B_OPER_MSI_L2A_DS_MSFT_20231207T223225_S20231207T170704_N05.09,0.00135,0.0001,0.0,descending,2023-12-07T22:32:24.683710Z,0.0214,0.575532,GS2B_20231207T170709_035273_N05.09,S2B_OPER_MSI_L2A_TL_MSFT_20231207T223225_A035273_T15TVG_N05.09,INS-NOBS,{10980},10.0,32610,0.11725232376684237
